parcel_id,width_area_perimeter_m,area_perimeter_pass,erosion_core_pass,methods_disagree
lcdb1000000814,121.252,True,True,False
lcdb1000000815,134.943,True,True,False
lcdb1000000822,133.278,True,True,False
lcdb1000000823,68.475,True,True,False
lcdb1000000825,128.143,True,True,False
lcdb1000000827,168.191,True,True,False
lcdb1000000828,214.387,True,True,False
lcdb1000000829,150.275,True,True,False
lcdb1000000830,45.412,True,True,False
lcdb1000000831,63.344,True,True,False
lcdb1000000833,133.251,True,True,False
lcdb1000000837,128.3,True,True,False
lcdb1000000838,114.75,True,True,False
lcdb1000000840,108.611,True,True,False
lcdb1000000841,182.556,True,True,False
lcdb1000000842,75.599,True,True,False
lcdb1000000845,57.482,True,True,False
lcdb1000000847,332.681,True,True,False
lcdb1000000868,71.111,True,True,False
lcdb1000000878,60.944,True,True,False
lcdb1000000882,118.247,True,True,False
lcdb1000000886,64.537,True,True,False
lcdb1000000888,170.653,True,True,False
lcdb1000000892,49.002,True,True,False
lcdb1000000898,124.52,True,True,False
lcdb1000000899,81.521,True,True,False
lcdb1000000900,100.26,True,True,False
lcdb1000000901,63.358,True,True,False
lcdb1000000903,100.854,True,True,False
lcdb1000000905,66.183,True,True,False
lcdb1000000919,164.759,True,True,False
lcdb1000000924,83.115,True,True,False
lcdb1000000926,102.738,True,True,False
lcdb1000000928,82.313,True,True,False
lcdb1000000929,102.535,True,True,False
lcdb1000000930,99.922,True,True,False
lcdb1000000947,113.478,True,True,False
lcdb1000000948,91.128,True,True,False
lcdb1000000953,98.614,True,True,False
lcdb1000000972,58.687,True,True,False
lcdb1000001097,75.798,True,True,False
lcdb1000001098,110.86,True,True,False
lcdb1000001193,49.793,True,True,False
lcdb1000001276,85.969,True,True,False
lcdb1000001277,82.385,True,True,False
lcdb1000001327,92.588,True,True,False
lcdb1000001330,108.682,True,True,False
lcdb1000001334,69.441,True,True,False
lcdb1000002343,54.727,True,True,False
lcdb1000002347,21.016,False,True,True
lcdb1000002348,37.628,True,True,False
lcdb1000002349,109.07,True,True,False
lcdb1000002357,32.088,True,True,False
lcdb1000002359,146.347,True,True,False
lcdb1000002360,58.133,True,True,False
lcdb1000002364,40.09,True,True,False
lcdb1000002368,30.375,True,True,False
lcdb1000002401,76.588,True,True,False
lcdb1000002468,88.049,True,True,False
lcdb1000004879,118.72,True,True,False
lcdb1000004880,78.645,True,True,False
lcdb1000004881,65.117,True,True,False
lcdb1000004882,54.687,True,True,False
lcdb1000004883,99.358,True,True,False
lcdb1000004884,33.64,True,True,False
lcdb1000004885,59.53,True,True,False
lcdb1000004886,82.24,True,True,False
lcdb1000004887,49.674,True,True,False
lcdb1000004888,54.719,True,True,False
lcdb1000004890,84.514,True,True,False
lcdb1000004891,125.839,True,True,False
lcdb1000004892,30.542,True,True,False
lcdb1000004893,58.609,True,True,False
lcdb1000004894,33.605,True,True,False
lcdb1000004895,38.416,True,True,False
lcdb1000004896,79.018,True,True,False
lcdb1000004897,83.106,True,True,False
lcdb1000004898,39.243,True,True,False
lcdb1000004899,37.113,True,True,False
lcdb1000004900,24.088,False,True,True
lcdb1000004902,49.456,True,True,False
lcdb1000004903,52.707,True,True,False
lcdb1000004904,45.08,True,True,False
lcdb1000004905,36.609,True,True,False
lcdb1000004906,77.967,True,True,False
lcdb1000004907,34.068,True,True,False
lcdb1000004908,87.604,True,True,False
lcdb1000004909,72.887,True,True,False
lcdb1000004911,91.702,True,True,False
lcdb1000004912,88.554,True,True,False
lcdb1000004913,59.45,True,True,False
lcdb1000004914,52.712,True,True,False
lcdb1000004915,37.743,True,True,False
lcdb1000004916,61.205,True,True,False
lcdb1000004917,101.816,True,True,False
lcdb1000004918,79.367,True,True,False
lcdb1000004919,523.293,True,True,False
lcdb1000004920,48.085,True,True,False
lcdb1000004921,66.713,True,True,False
lcdb1000004922,42.057,True,True,False
lcdb1000004923,84.466,True,True,False
lcdb1000004924,34.601,True,True,False
lcdb1000004925,55.968,True,True,False
lcdb1000004926,53.429,True,True,False
lcdb1000004928,41.792,True,True,False
lcdb1000004929,70.3,True,True,False
lcdb1000004931,265.615,True,True,False
lcdb1000004933,110.041,True,True,False
lcdb1000004934,247.044,True,True,False
lcdb1000004935,51.587,True,True,False
lcdb1000004936,43.569,True,True,False
lcdb1000004938,102.387,True,True,False
lcdb1000004939,141.965,True,True,False
lcdb1000004940,113.195,True,True,False
lcdb1000004944,128.749,True,True,False
lcdb1000004945,251.397,True,True,False
lcdb1000004974,51.248,True,True,False
lcdb1000004975,36.003,True,True,False
lcdb1000004976,73.765,True,True,False
lcdb1000004977,155.302,True,True,False
lcdb1000005010,39.378,True,True,False
lcdb1000005066,123.299,True,True,False
lcdb1000005356,47.546,True,True,False
lcdb1000006739,74.993,True,True,False
lcdb1000007107,60.439,True,True,False
lcdb1000007355,33.792,True,True,False
lcdb1000007356,51.711,True,True,False
lcdb1000007490,76.973,True,True,False
lcdb1000007680,134.967,True,True,False
lcdb1000007684,133.039,True,True,False
lcdb1000007685,77.738,True,True,False
lcdb1000007695,91.79,True,True,False
lcdb1000007700,131.218,True,True,False
lcdb1000007722,131.684,True,True,False
lcdb1000007723,67.808,True,True,False
lcdb1000007794,56.794,True,True,False
lcdb1000008093,49.524,True,True,False
lcdb1000008094,120.598,True,True,False
lcdb1000008518-part-1,25.59,False,True,True
lcdb1000008518-part-2,30.139,True,True,False
lcdb1000008518-part-3,27.912,False,True,True
lcdb1000008521,63.016,True,True,False
lcdb1000008522,57.821,True,True,False
lcdb1000008523-part-1,22.554,False,True,True
lcdb1000008523-part-2,56.329,True,True,False
lcdb1000008525,33.504,True,True,False
lcdb1000008545-part-1,34.186,True,True,False
lcdb1000008545-part-2,4.072,False,False,False
lcdb1000008545-part-3,14.15,False,False,False
lcdb1000008552-part-1,14.591,False,False,False
lcdb1000008552-part-2,64.197,True,True,False
lcdb1000008554,51.989,True,True,False
lcdb1000008556,25.48,False,True,True
lcdb1000008559,92.912,True,True,False
lcdb1000008560,83.162,True,True,False
lcdb1000008561,64.867,True,True,False
lcdb1000008562,36.412,True,True,False
lcdb1000008563,51.715,True,True,False
lcdb1000008564-part-1,91.668,True,True,False
lcdb1000008564-part-2,50.926,True,True,False
lcdb1000008565,75.621,True,True,False
lcdb1000008566,151.386,True,True,False
lcdb1000008569,39.932,True,True,False
lcdb1000008570,45.459,True,True,False
lcdb1000008571,20.181,False,True,True
lcdb1000008572,41.849,True,True,False
lcdb1000008574,25.643,False,True,True
lcdb1000008575,60.716,True,True,False
lcdb1000008576-part-1,37.604,True,True,False
lcdb1000008576-part-2,1.659,False,False,False
lcdb1000008576-part-3,20.972,False,True,True
lcdb1000008576-part-4,3.446,False,False,False
lcdb1000008577,66.04,True,True,False
lcdb1000008578-part-1,17.923,False,True,True
lcdb1000008578-part-2,20.4,False,True,True
lcdb1000008581,34.576,True,True,False
lcdb1000008582-part-1,15.731,False,False,False
lcdb1000008582-part-2,10.488,False,False,False
lcdb1000008583,26.655,False,True,True
lcdb1000008585,31.765,True,True,False
lcdb1000008587-part-1,81.317,True,True,False
lcdb1000008587-part-2,24.708,False,True,True
lcdb1000008588,101.521,True,True,False
lcdb1000008589,45.078,True,True,False
lcdb1000008590,164.197,True,True,False
lcdb1000008591-part-1,8.749,False,False,False
lcdb1000008591-part-2,52.42,True,True,False
lcdb1000008592-part-1,13.637,False,False,False
lcdb1000008592-part-2,68.773,True,True,False
lcdb1000008592-part-3,31.892,True,True,False
lcdb1000008593,63.661,True,True,False
lcdb1000008594,39.348,True,True,False
lcdb1000008595,38.236,True,True,False
lcdb1000008596,33.392,True,True,False
lcdb1000008597,50.291,True,True,False
lcdb1000008599,24.694,False,True,True
lcdb1000008603,84.182,True,True,False
lcdb1000008605-part-1,64.555,True,True,False
lcdb1000008605-part-2,28.047,False,True,True
lcdb1000008606-part-1,43.639,True,True,False
lcdb1000008606-part-2,4.255,False,False,False
lcdb1000008606-part-3,44.876,True,True,False
lcdb1000008607,81.513,True,True,False
lcdb1000008608-part-1,5.765,False,False,False
lcdb1000008608-part-2,1.655,False,False,False
lcdb1000008608-part-3,36.426,True,True,False
lcdb1000008608-part-4,28.934,False,True,True
lcdb1000008609,23.066,False,True,True
lcdb1000008610,44.553,True,True,False
lcdb1000008611,64.625,True,True,False
lcdb1000008613,37.932,True,True,False
lcdb1000008614,38.686,True,True,False
lcdb1000008618,58.842,True,True,False
lcdb1000008619,67.637,True,True,False
lcdb1000008620,23.511,False,True,True
lcdb1000008622,38.112,True,True,False
lcdb1000008623,71.108,True,True,False
lcdb1000008625,59.741,True,True,False
lcdb1000008628-part-1,15.585,False,False,False
lcdb1000008628-part-2,41.879,True,True,False
lcdb1000008631,33.032,True,True,False
lcdb1000008636-part-1,39.233,True,True,False
lcdb1000008636-part-2,36.614,True,True,False
lcdb1000008638,49.052,True,True,False
lcdb1000008639,75.953,True,True,False
lcdb1000008641,57.947,True,True,False
lcdb1000008642,61.686,True,True,False
lcdb1000008643,86.416,True,True,False
lcdb1000008644,70.911,True,True,False
lcdb1000008645,101.907,True,True,False
lcdb1000008647,66.643,True,True,False
lcdb1000008648,71.903,True,True,False
lcdb1000008651,34.083,True,True,False
lcdb1000008652,44.463,True,True,False
lcdb1000008653,62.934,True,True,False
lcdb1000008655,77.604,True,True,False
lcdb1000008656,79.385,True,True,False
lcdb1000008659,34.347,True,True,False
lcdb1000008662,74.672,True,True,False
lcdb1000008670,27.056,False,True,True
lcdb1000008673-part-1,46.606,True,True,False
lcdb1000008673-part-2,13.703,False,True,True
lcdb1000008673-part-3,7.229,False,False,False
lcdb1000008673-part-4,6.622,False,False,False
lcdb1000008676,39.495,True,True,False
lcdb1000008679,44.731,True,True,False
lcdb1000008680,47.738,True,True,False
lcdb1000008704,129.722,True,True,False
lcdb1000008705,53.215,True,True,False
lcdb1000008706,24.484,False,True,True
lcdb1000008710,25.513,False,True,True
lcdb1000008724,36.059,True,True,False
lcdb1000008729-part-1,51.968,True,True,False
lcdb1000008729-part-2,23.805,False,True,True
lcdb1000008729-part-3,95.093,True,True,False
lcdb1000008751-part-1,41.865,True,True,False
lcdb1000008751-part-2,25.691,False,True,True
lcdb1000008751-part-3,0.614,False,False,False
lcdb1000008751-part-4,61.919,True,True,False
lcdb1000008752,32.044,True,True,False
lcdb1000008755,20.669,False,False,False
lcdb1000008756,52.061,True,True,False
lcdb1000008759,118.419,True,True,False
lcdb1000008765-part-1,37.708,True,True,False
lcdb1000008765-part-2,43.696,True,True,False
lcdb1000008774,31.201,True,True,False
lcdb1000008775-part-1,32.034,True,True,False
lcdb1000008775-part-2,0.196,False,False,False
lcdb1000008775-part-3,39.808,True,True,False
lcdb1000008776,65.258,True,True,False
lcdb1000008778-part-1,16.211,False,False,False
lcdb1000008778-part-2,13.275,False,False,False
lcdb1000008782,21.913,False,True,True
lcdb1000008791,2.879,False,False,False
lcdb1000008794-part-1,0.397,False,False,False
lcdb1000008794-part-2,1.433,False,False,False
lcdb1000008794-part-3,20.959,False,True,True
lcdb1000008794-part-4,0.566,False,False,False
lcdb1000008794-part-5,0.152,False,False,False
lcdb1000008794-part-6,0.96,False,False,False
lcdb1000008794-part-7,0.002,False,False,False
lcdb1000008800,6.103,False,False,False
lcdb1000008801-part-1,24.422,False,True,True
lcdb1000008801-part-2,4.592,False,False,False
lcdb1000008801-part-3,52.333,True,True,False
lcdb1000008801-part-4,4.134,False,False,False
lcdb1000008806-part-1,26.586,False,True,True
lcdb1000008806-part-2,11.849,False,False,False
lcdb1000008807,1.524,False,False,False
lcdb1000008810,83.62,True,True,False
lcdb1000008812,27.044,False,True,True
lcdb1000008831-part-1,29.758,False,True,True
lcdb1000008831-part-2,6.42,False,False,False
lcdb1000008832,33.648,True,True,False
lcdb1000008835-part-1,16.947,False,True,True
lcdb1000008835-part-2,18.295,False,True,True
lcdb1000008835-part-3,4.401,False,False,False
lcdb1000008835-part-4,3.381,False,False,False
lcdb1000008844-part-1,2.354,False,False,False
lcdb1000008844-part-2,14.013,False,False,False
lcdb1000008845-part-1,9.922,False,False,False
lcdb1000008845-part-2,37.22,True,True,False
lcdb1000008846,32.665,True,True,False
lcdb1000010260-part-1,0.436,False,False,False
lcdb1000010260-part-10,14.818,False,False,False
lcdb1000010260-part-2,11.287,False,False,False
lcdb1000010260-part-3,9.283,False,False,False
lcdb1000010260-part-4,11.701,False,False,False
lcdb1000010260-part-5,0.017,False,False,False
lcdb1000010260-part-6,0.61,False,False,False
lcdb1000010260-part-7,18.173,False,True,True
lcdb1000010260-part-8,13.559,False,True,True
lcdb1000010260-part-9,11.314,False,False,False
lcdb1000011315,40.784,True,True,False
lcdb1000011318,53.573,True,True,False
lcdb1000011544,39.695,True,True,False
lcdb1000011549,63.968,True,True,False
lcdb1000012066,69.77,True,True,False
lcdb1000012091,63.516,True,True,False
lcdb1000012095,68.605,True,True,False
lcdb1000012097,93.103,True,True,False
lcdb1000012098,48.598,True,True,False
lcdb1000012101,73.988,True,True,False
lcdb1000012102,67.521,True,True,False
lcdb1000012103,115.273,True,True,False
lcdb1000012104,60.56,True,True,False
lcdb1000012107,50.254,True,True,False
lcdb1000012108,43.191,True,True,False
lcdb1000012110,63.623,True,True,False
lcdb1000012111,70.516,True,True,False
lcdb1000012112,72.809,True,True,False
lcdb1000012113,67.679,True,True,False
lcdb1000012114,83.313,True,True,False
lcdb1000012115,45.893,True,True,False
lcdb1000012116,46.873,True,True,False
lcdb1000012117,57.24,True,True,False
lcdb1000012118,40.385,True,True,False
lcdb1000012120,46.428,True,True,False
lcdb1000012121,57.64,True,True,False
lcdb1000012122,63.127,True,True,False
lcdb1000012123,41.016,True,True,False
lcdb1000012124,53.701,True,True,False
lcdb1000012126,80.107,True,True,False
lcdb1000015296,47.752,True,True,False
lcdb1000015298,52.21,True,True,False
lcdb1000015330,47.082,True,True,False
lcdb1000015336,90.832,True,True,False
lcdb1000015337,41.914,True,True,False
lcdb1000015345,34.792,True,True,False
lcdb1000015346,41.623,True,True,False
lcdb1000015349,26.755,False,True,True
lcdb1000015351,51.488,True,True,False
lcdb1000015352,45.773,True,True,False
lcdb1000015355,39.076,True,True,False
lcdb1000015356-part-1,39.602,True,True,False
lcdb1000015356-part-2,0.001,False,False,False
lcdb1000015359,89.897,True,True,False
lcdb1000015360,36.62,True,True,False
lcdb1000015368,66.896,True,True,False
lcdb1000015371,29.724,False,True,True
lcdb1000015373,21.121,False,True,True
lcdb1000015375,27.148,False,True,True
lcdb1000015376,40.951,True,True,False
lcdb1000015377,53.079,True,True,False
lcdb1000015380,108.163,True,True,False
lcdb1000015381,30.814,True,True,False
lcdb1000015385,186.785,True,True,False
lcdb1000015394,35.352,True,True,False
lcdb1000015397,47.268,True,True,False
lcdb1000015411,23.9,False,True,True
lcdb1000015412,25.697,False,True,True
lcdb1000015414,26.542,False,True,True
lcdb1000015419,57.75,True,True,False
lcdb1000015421,28.508,False,True,True
lcdb1000015422,50.061,True,True,False
lcdb1000015425,41.264,True,True,False
lcdb1000015426,52.223,True,True,False
lcdb1000015427,88.797,True,True,False
lcdb1000015428,50.813,True,True,False
lcdb1000015429,44.661,True,True,False
lcdb1000015430,46.864,True,True,False
lcdb1000015431,38.875,True,True,False
lcdb1000015432,44.61,True,True,False
lcdb1000015433,49.298,True,True,False
lcdb1000015435,46.756,True,True,False
lcdb1000015436,50.802,True,True,False
lcdb1000015437,46.607,True,True,False
lcdb1000015438,36.057,True,True,False
lcdb1000015439,41.609,True,True,False
lcdb1000015440,54.758,True,True,False
lcdb1000015441,58.193,True,True,False
lcdb1000015442,39.866,True,True,False
lcdb1000015443,29.284,False,True,True
lcdb1000015444,40.921,True,True,False
lcdb1000015446,43.717,True,True,False
lcdb1000015448,43.22,True,True,False
lcdb1000015450,55.276,True,True,False
lcdb1000015451,41.761,True,True,False
lcdb1000015452,36.61,True,True,False
lcdb1000015454,25.748,False,True,True
lcdb1000015455,54.901,True,True,False
lcdb1000015457,20.218,False,True,True
lcdb1000015459,61.471,True,True,False
lcdb1000015461,45.766,True,True,False
lcdb1000015462,49.827,True,True,False
lcdb1000015463,55.177,True,True,False
lcdb1000015465,52.991,True,True,False
lcdb1000015467,32.025,True,True,False
lcdb1000015468,78.257,True,True,False
lcdb1000015469,61.469,True,True,False
lcdb1000015470,70.225,True,True,False
lcdb1000015473,54.358,True,True,False
lcdb1000015474,47.829,True,True,False
lcdb1000015477,50.354,True,True,False
lcdb1000015479,46.606,True,True,False
lcdb1000015480,33.946,True,True,False
lcdb1000015481,55.996,True,True,False
lcdb1000015485,31.084,True,True,False
lcdb1000015487,65.039,True,True,False
lcdb1000015489,47.178,True,True,False
lcdb1000015490,52.52,True,True,False
lcdb1000015492,41.214,True,True,False
lcdb1000015494,74.459,True,True,False
lcdb1000015496,49.822,True,True,False
lcdb1000015497,60.141,True,True,False
lcdb1000015498,65.706,True,True,False
lcdb1000015500,88.035,True,True,False
lcdb1000015501,39.301,True,True,False
lcdb1000015503,56.379,True,True,False
lcdb1000015504,61.92,True,True,False
lcdb1000015505,75.612,True,True,False
lcdb1000015506,58.705,True,True,False
lcdb1000015507,27.362,False,True,True
lcdb1000015508,72.299,True,True,False
lcdb1000015509,38.568,True,True,False
lcdb1000015510,25.676,False,True,True
lcdb1000015511,36.235,True,True,False
lcdb1000015512,53.355,True,True,False
lcdb1000015514,55.394,True,True,False
lcdb1000015515,17.983,False,True,True
lcdb1000015516,50.761,True,True,False
lcdb1000015517,56.736,True,True,False
lcdb1000015518,29.674,False,True,True
lcdb1000015520,17.41,False,True,True
lcdb1000015521,36.599,True,True,False
lcdb1000015522,35.933,True,True,False
lcdb1000015523,28.472,False,True,True
lcdb1000015524,62.78,True,True,False
lcdb1000015525,25.817,False,True,True
lcdb1000015527,17.079,False,True,True
lcdb1000015529,44.712,True,True,False
lcdb1000015533,35.36,True,True,False
lcdb1000015534,61.862,True,True,False
lcdb1000015536,31.917,True,True,False
lcdb1000015537,50.531,True,True,False
lcdb1000015539,14.788,False,True,True
lcdb1000015542,24.375,False,True,True
lcdb1000015543,10.771,False,False,False
lcdb1000015547,31.189,True,True,False
lcdb1000015549,59.898,True,True,False
lcdb1000015550,41.557,True,True,False
lcdb1000015551,35.137,True,True,False
lcdb1000015552,34.165,True,True,False
lcdb1000015553,42.836,True,True,False
lcdb1000015554,37.552,True,True,False
lcdb1000015555,52.625,True,True,False
lcdb1000015557,75.657,True,True,False
lcdb1000015559,33.031,True,True,False
lcdb1000015560,52.148,True,True,False
lcdb1000015562,41.306,True,True,False
lcdb1000015563,74.148,True,True,False
lcdb1000015564,43.346,True,True,False
lcdb1000015566,54.83,True,True,False
lcdb1000015567,19.234,False,True,True
lcdb1000015572,54.405,True,True,False
lcdb1000015576,51.195,True,True,False
lcdb1000015577,39.111,True,True,False
lcdb1000015578,84.422,True,True,False
lcdb1000015580,41.706,True,True,False
lcdb1000015582,49.197,True,True,False
lcdb1000015588,29.916,False,True,True
lcdb1000015596,54.814,True,True,False
lcdb1000015597,32.513,True,True,False
lcdb1000015598,44.421,True,True,False
lcdb1000015601,53.557,True,True,False
lcdb1000015603,30.931,True,True,False
lcdb1000015605,50.865,True,True,False
lcdb1000015606,42.29,True,True,False
lcdb1000015615,40.157,True,True,False
lcdb1000015619,58.027,True,True,False
lcdb1000015625,50.928,True,True,False
lcdb1000015628,44.929,True,True,False
lcdb1000015629,39.868,True,True,False
lcdb1000015633,49.715,True,True,False
lcdb1000015637,36.468,True,True,False
lcdb1000015638,44.858,True,True,False
lcdb1000015641,31.978,True,True,False
lcdb1000015642,42.746,True,True,False
lcdb1000015650,34.042,True,True,False
lcdb1000015651,21.306,False,True,True
lcdb1000015655,68.921,True,True,False
lcdb1000015658,62.429,True,True,False
lcdb1000015659,62.456,True,True,False
lcdb1000015665,93.815,True,True,False
lcdb1000015669,51.919,True,True,False
lcdb1000015672,80.876,True,True,False
lcdb1000015673,39.622,True,True,False
lcdb1000015684,57.678,True,True,False
lcdb1000015689,110.062,True,True,False
lcdb1000015692,50.905,True,True,False
lcdb1000015695,61.991,True,True,False
lcdb1000015700,66.252,True,True,False
lcdb1000015701,34.426,True,True,False
lcdb1000015709,52.046,True,True,False
lcdb1000015710,64.682,True,True,False
lcdb1000015716,49.34,True,True,False
lcdb1000015722,56.985,True,True,False
lcdb1000015730,47.269,True,True,False
lcdb1000015738,58.719,True,True,False
lcdb1000015741,36.158,True,True,False
lcdb1000015742,41.866,True,True,False
lcdb1000015747,63.967,True,True,False
lcdb1000015748,45.467,True,True,False
lcdb1000015749,44.116,True,True,False
lcdb1000015751,72.009,True,True,False
lcdb1000015764,55.741,True,True,False
lcdb1000015767,62.431,True,True,False
lcdb1000015774,49.523,True,True,False
lcdb1000015781,69.516,True,True,False
lcdb1000015782,54.279,True,True,False
lcdb1000015785,54.373,True,True,False
lcdb1000015789,48.35,True,True,False
lcdb1000015796,50.091,True,True,False
lcdb1000015805,77.484,True,True,False
lcdb1000015807,64.803,True,True,False
lcdb1000015810,69.717,True,True,False
lcdb1000015821,49.456,True,True,False
lcdb1000015822,17.259,False,False,False
lcdb1000015823,49.928,True,True,False
lcdb1000015828,16.889,False,True,True
lcdb1000015831,58.846,True,True,False
lcdb1000015835,50.583,True,True,False
lcdb1000015840,69.853,True,True,False
lcdb1000015841,64.818,True,True,False
lcdb1000015846,92.102,True,True,False
lcdb1000015847,54.194,True,True,False
lcdb1000015853,28.254,False,True,True
lcdb1000015854,42.667,True,True,False
lcdb1000015855,36.383,True,True,False
lcdb1000015856,22.429,False,True,True
lcdb1000015859,51.891,True,True,False
lcdb1000015860,26.6,False,True,True
lcdb1000015862,44.49,True,True,False
lcdb1000015864,45.498,True,True,False
lcdb1000015868,41.28,True,True,False
lcdb1000015870,54.623,True,True,False
lcdb1000015872,55.953,True,True,False
lcdb1000015873,71.12,True,True,False
lcdb1000015874,33.98,True,True,False
lcdb1000015875,42.058,True,True,False
lcdb1000015876,47.572,True,True,False
lcdb1000015878,33.023,True,True,False
lcdb1000015882,33.615,True,True,False
lcdb1000015883,50.44,True,True,False
lcdb1000015887,34.663,True,True,False
lcdb1000015888,85.449,True,True,False
lcdb1000015892,38.589,True,True,False
lcdb1000015896,47.793,True,True,False
lcdb1000015899,49.881,True,True,False
lcdb1000015903,58.948,True,True,False
lcdb1000015904,46.768,True,True,False
lcdb1000015906,42.125,True,True,False
lcdb1000015907,61.04,True,True,False
lcdb1000015908,56.466,True,True,False
lcdb1000015912,26.083,False,True,True
lcdb1000015913,54.643,True,True,False
lcdb1000015917,52.107,True,True,False
lcdb1000015918,65.429,True,True,False
lcdb1000015920,38.559,True,True,False
lcdb1000015921,20.44,False,True,True
lcdb1000015923,43.52,True,True,False
lcdb1000015924,35.515,True,True,False
lcdb1000015926,26.58,False,True,True
lcdb1000015929,51.947,True,True,False
lcdb1000015933,36.349,True,True,False
lcdb1000015935,72.603,True,True,False
lcdb1000015936,43.826,True,True,False
lcdb1000015937,50.018,True,True,False
lcdb1000015938,36.285,True,True,False
lcdb1000015940,53.933,True,True,False
lcdb1000015941,36.149,True,True,False
lcdb1000015942,51.851,True,True,False
lcdb1000015943,89.219,True,True,False
lcdb1000015948,60.222,True,True,False
lcdb1000015949,68.988,True,True,False
lcdb1000015950,64.372,True,True,False
lcdb1000015951,61.048,True,True,False
lcdb1000015953,45.288,True,True,False
lcdb1000015955,58.223,True,True,False
lcdb1000015957,62.196,True,True,False
lcdb1000015958,44.167,True,True,False
lcdb1000015961,57.25,True,True,False
lcdb1000015962,64.927,True,True,False
lcdb1000015963,50.067,True,True,False
lcdb1000015964,38.696,True,True,False
lcdb1000015966,58.108,True,True,False
lcdb1000015968,56.648,True,True,False
lcdb1000015969,51.38,True,True,False
lcdb1000015970,48.668,True,True,False
lcdb1000015971,45.079,True,True,False
lcdb1000015972,37.424,True,True,False
lcdb1000015973,46.209,True,True,False
lcdb1000015974,47.833,True,True,False
lcdb1000015975,28.2,False,True,True
lcdb1000015976,45.606,True,True,False
lcdb1000015978,50.165,True,True,False
lcdb1000015979,61.979,True,True,False
lcdb1000015980,64.747,True,True,False
lcdb1000015981,57.251,True,True,False
lcdb1000015982,57.952,True,True,False
lcdb1000015986,63.586,True,True,False
lcdb1000015987,40.079,True,True,False
lcdb1000015988,39.862,True,True,False
lcdb1000015989,47.575,True,True,False
lcdb1000015992,49.153,True,True,False
lcdb1000015993,25.866,False,True,True
lcdb1000015994,52.955,True,True,False
lcdb1000015995,38.526,True,True,False
lcdb1000015996,35.024,True,True,False
lcdb1000015997,60.81,True,True,False
lcdb1000015998,73.135,True,True,False
lcdb1000016000,46.356,True,True,False
lcdb1000016001,115.12,True,True,False
lcdb1000016002,41.176,True,True,False
lcdb1000016003,92.745,True,True,False
lcdb1000016005,109.669,True,True,False
lcdb1000016006,108.385,True,True,False
lcdb1000016007,40.036,True,True,False
lcdb1000016008,11.08,False,False,False
lcdb1000016010,70.907,True,True,False
lcdb1000016012,88.666,True,True,False
lcdb1000016013,52.245,True,True,False
lcdb1000016014,66.484,True,True,False
lcdb1000016015,115.391,True,True,False
lcdb1000016016,76.084,True,True,False
lcdb1000016017,95.221,True,True,False
lcdb1000016018,35.665,True,True,False
lcdb1000016019,28.683,False,True,True
lcdb1000016020,52.288,True,True,False
lcdb1000016021,40.925,True,True,False
lcdb1000016023,96.605,True,True,False
lcdb1000016024,134.036,True,True,False
lcdb1000016025,29.112,False,True,True
lcdb1000016026,53.24,True,True,False
lcdb1000016027,57.838,True,True,False
lcdb1000016031,73.444,True,True,False
lcdb1000016032,57.275,True,True,False
lcdb1000016035,33.247,True,True,False
lcdb1000016036,57.822,True,True,False
lcdb1000016037,56.351,True,True,False
lcdb1000016038,52.922,True,True,False
lcdb1000016039,51.055,True,True,False
lcdb1000016040,70.158,True,True,False
lcdb1000016041,102.701,True,True,False
lcdb1000016042,69.879,True,True,False
lcdb1000016043,91.139,True,True,False
lcdb1000016045,61.508,True,True,False
lcdb1000016046,86.694,True,True,False
lcdb1000016049,95.17,True,True,False
lcdb1000016050,87.724,True,True,False
lcdb1000016051,196.489,True,True,False
lcdb1000016052,59.208,True,True,False
lcdb1000016053,88.147,True,True,False
lcdb1000016054,62.729,True,True,False
lcdb1000016055,52.855,True,True,False
lcdb1000016056,67.815,True,True,False
lcdb1000016057,94.76,True,True,False
lcdb1000016058,71.429,True,True,False
lcdb1000016059,49.802,True,True,False
lcdb1000016060,67.542,True,True,False
lcdb1000016061,148.914,True,True,False
lcdb1000016062,86.889,True,True,False
lcdb1000016063,101.735,True,True,False
lcdb1000016064,132.7,True,True,False
lcdb1000016065,236.397,True,True,False
lcdb1000016066,212.084,True,True,False
lcdb1000016067,30.349,True,True,False
lcdb1000016068,106.415,True,True,False
lcdb1000016069,76.507,True,True,False
lcdb1000016070,48.624,True,True,False
lcdb1000016071,78.646,True,True,False
lcdb1000016072,152.285,True,True,False
lcdb1000016074,48.744,True,True,False
lcdb1000016075,159.986,True,True,False
lcdb1000016079,115.944,True,True,False
lcdb1000016082,168.379,True,True,False
lcdb1000016084,134.532,True,True,False
lcdb1000016086,47.58,True,True,False
lcdb1000016087,57.183,True,True,False
lcdb1000016088,31.718,True,True,False
lcdb1000016089,53.007,True,True,False
lcdb1000016090,176.304,True,True,False
lcdb1000016091,50.766,True,True,False
lcdb1000016092,116.584,True,True,False
lcdb1000016093,128.203,True,True,False
lcdb1000016094,141.41,True,True,False
lcdb1000016095,149.435,True,True,False
lcdb1000016096,151.704,True,True,False
lcdb1000016097,66.905,True,True,False
lcdb1000016098,235.633,True,True,False
lcdb1000016099,239.593,True,True,False
lcdb1000016100,196.698,True,True,False
lcdb1000016101,30.032,True,True,False
lcdb1000016102,296.679,True,True,False
lcdb1000016103,40.772,True,True,False
lcdb1000016104,55.654,True,True,False
lcdb1000016105,46.597,True,True,False
lcdb1000016106,40.451,True,True,False
lcdb1000016107,148.198,True,True,False
lcdb1000016108,223.799,True,True,False
lcdb1000016109,59.485,True,True,False
lcdb1000016110,298.759,True,True,False
lcdb1000016112,34.893,True,True,False
lcdb1000016113,74.601,True,True,False
lcdb1000016116,56.312,True,True,False
lcdb1000016117,57.356,True,True,False
lcdb1000016118,75.145,True,True,False
lcdb1000016119,27.914,False,True,True
lcdb1000016120,99.716,True,True,False
lcdb1000016121,54.916,True,True,False
lcdb1000016122,134.3,True,True,False
lcdb1000016125,71.401,True,True,False
lcdb1000016126,127.871,True,True,False
lcdb1000016128,47.639,True,True,False
lcdb1000016130,37.007,True,True,False
lcdb1000016131,62.454,True,True,False
lcdb1000016133,48.148,True,True,False
lcdb1000016134,15.716,False,True,True
lcdb1000016138,41.305,True,True,False
lcdb1000016139,54.067,True,True,False
lcdb1000016141,71.208,True,True,False
lcdb1000016142,45.694,True,True,False
lcdb1000016143,57.993,True,True,False
lcdb1000016144,47.245,True,True,False
lcdb1000016145,34.891,True,True,False
lcdb1000016146,76.37,True,True,False
lcdb1000016147,47.465,True,True,False
lcdb1000016148,62.727,True,True,False
lcdb1000016149,37.917,True,True,False
lcdb1000016153,49.913,True,True,False
lcdb1000016160,57.135,True,True,False
lcdb1000016161,36.85,True,True,False
lcdb1000016162,40.861,True,True,False
lcdb1000016163,34.276,True,True,False
lcdb1000016169,43.424,True,True,False
lcdb1000016170,50.184,True,True,False
lcdb1000016174-part-1,7.021,False,False,False
lcdb1000016174-part-2,70.46,True,True,False
lcdb1000016185,49.828,True,True,False
lcdb1000016187,43.887,True,True,False
lcdb1000016188,33.798,True,True,False
lcdb1000016191,36.692,True,True,False
lcdb1000016192-part-1,28.02,False,True,True
lcdb1000016192-part-2,0.027,False,False,False
lcdb1000016192-part-3,39.081,True,True,False
lcdb1000016192-part-4,116.243,True,True,False
lcdb1000016192-part-5,54.269,True,True,False
lcdb1000016192-part-6,62.486,True,True,False
lcdb1000016196,47.622,True,True,False
lcdb1000016200,41.587,True,True,False
lcdb1000016201,54.449,True,True,False
lcdb1000016203,51.891,True,True,False
lcdb1000016205,51.612,True,True,False
lcdb1000016216,117.275,True,True,False
lcdb1000016217,111.676,True,True,False
lcdb1000016218-part-1,41.717,True,True,False
lcdb1000016218-part-2,8.096,False,False,False
lcdb1000016218-part-3,74.71,True,True,False
lcdb1000016219,79.488,True,True,False
lcdb1000016220,58.79,True,True,False
lcdb1000016225,55.653,True,True,False
lcdb1000016276,49.165,True,True,False
lcdb1000016277,33.539,True,True,False
lcdb1000016278,29.325,False,True,True
lcdb1000016281,71.019,True,True,False
lcdb1000016283-part-1,57.517,True,True,False
lcdb1000016283-part-2,18.824,False,False,False
lcdb1000016284,47.542,True,True,False
lcdb1000016286-part-1,11.455,False,False,False
lcdb1000016286-part-2,1.542,False,False,False
lcdb1000016286-part-3,27.69,False,True,True
lcdb1000016287,46.617,True,True,False
lcdb1000016290,218.643,True,True,False
lcdb1000016291,80.236,True,True,False
lcdb1000016292,56.501,True,True,False
lcdb1000016298,74.988,True,True,False
lcdb1000016352,43.565,True,True,False
lcdb1000016353,53.263,True,True,False
lcdb1000018112,45.75,True,True,False
lcdb1000018116,13.565,False,False,False
lcdb1000018120,28.702,False,True,True
lcdb1000018123,113.619,True,True,False
lcdb1000018124,110.133,True,True,False
lcdb1000018127,67.592,True,True,False
lcdb1000018145,8.826,False,False,False
lcdb1000018146,109.776,True,True,False
lcdb1000018150,6.032,False,False,False
lcdb1000018174,20.157,False,True,True
lcdb1000018177,22.255,False,True,True
lcdb1000018179,11.726,False,False,False
lcdb1000018183,9.332,False,False,False
lcdb1000018184,26.622,False,True,True
lcdb1000018186,9.811,False,False,False
lcdb1000018187,18.865,False,True,True
lcdb1000018189,16.005,False,False,False
lcdb1000018190,15.218,False,False,False
lcdb1000018191,52.246,True,True,False
lcdb1000018195,10.027,False,False,False
lcdb1000018196,21.732,False,True,True
lcdb1000018199,20.783,False,True,True
lcdb1000018200,21.512,False,True,True
lcdb1000018203,47.31,True,True,False
lcdb1000018205,15.166,False,False,False
lcdb1000018206,11.518,False,False,False
lcdb1000018207,17.272,False,True,True
lcdb1000018209,16.478,False,True,True
lcdb1000018210,9.671,False,False,False
lcdb1000018211,21.114,False,True,True
lcdb1000018212,10.442,False,False,False
lcdb1000018213,48.39,True,True,False
lcdb1000018214,25.445,False,True,True
lcdb1000018215,13.721,False,False,False
lcdb1000018216,14.085,False,False,False
lcdb1000018217,15.373,False,False,False
lcdb1000018220,18.771,False,True,True
lcdb1000018221,29.691,False,True,True
lcdb1000018222,23.148,False,True,True
lcdb1000018223,11.602,False,False,False
lcdb1000018224,18.148,False,True,True
lcdb1000018225,153.79,True,True,False
lcdb1000018226,10.861,False,False,False
lcdb1000018227,13.062,False,False,False
lcdb1000018228,13.413,False,False,False
lcdb1000018229,18.777,False,True,True
lcdb1000018230,12.223,False,False,False
lcdb1000018231,116.001,True,True,False
lcdb1000018233,14.207,False,False,False
lcdb1000018234,19.854,False,True,True
lcdb1000018235,17.159,False,False,False
lcdb1000018236,9.433,False,False,False
lcdb1000018237,17.473,False,True,True
lcdb1000018238,67.892,True,True,False
lcdb1000018239,28.726,False,True,True
lcdb1000018240,18.486,False,True,True
lcdb1000018241,8.781,False,False,False
lcdb1000018242,22.48,False,True,True
lcdb1000018243,23.296,False,True,True
lcdb1000018244,26.332,False,True,True
lcdb1000018245,14.879,False,False,False
lcdb1000018246,11.424,False,False,False
lcdb1000018247,20.539,False,True,True
lcdb1000018248,15.365,False,True,True
lcdb1000018249,41.828,True,True,False
lcdb1000018250,15.685,False,False,False
lcdb1000018251,30.1,True,True,False
lcdb1000018252,10.55,False,False,False
lcdb1000018253,53.33,True,True,False
lcdb1000018254,40.678,True,True,False
lcdb1000018255,20.308,False,True,True
lcdb1000018257,14.411,False,False,False
lcdb1000018258,11.306,False,False,False
lcdb1000018259,24.917,False,True,True
lcdb1000018261,18.328,False,True,True
lcdb1000018262,13.204,False,False,False
lcdb1000018263,11.407,False,False,False
lcdb1000018264,129.117,True,True,False
lcdb1000018265,122.181,True,True,False
lcdb1000018266,19.187,False,False,False
lcdb1000018267,14.582,False,False,False
lcdb1000018268,34.936,True,True,False
lcdb1000018269,41.887,True,True,False
lcdb1000018270,80.808,True,True,False
lcdb1000018271,15.415,False,True,True
lcdb1000018272,25.325,False,True,True
lcdb1000018273,23.377,False,True,True
lcdb1000018274,9.324,False,False,False
lcdb1000018276,56.405,True,True,False
lcdb1000018277,35.185,True,True,False
lcdb1000018279,51.708,True,True,False
lcdb1000018280,14.066,False,False,False
lcdb1000018281,32.735,True,True,False
lcdb1000018282,16.92,False,False,False
lcdb1000018283,16.234,False,False,False
lcdb1000018285,10.537,False,False,False
lcdb1000018286,24.268,False,True,True
lcdb1000018288,27.964,False,True,True
lcdb1000018289,17.039,False,False,False
lcdb1000018290,15.72,False,False,False
lcdb1000018291-part-1,2.186,False,False,False
lcdb1000018291-part-2,71.052,True,True,False
lcdb1000018293,9.715,False,False,False
lcdb1000018294,18.16,False,True,True
lcdb1000018295,15.76,False,False,False
lcdb1000018296,6.576,False,False,False
lcdb1000018297,15.277,False,False,False
lcdb1000018298,9.434,False,False,False
lcdb1000018299,16.912,False,False,False
lcdb1000018300,8.779,False,False,False
lcdb1000018301,22.721,False,True,True
lcdb1000018302,14.193,False,False,False
lcdb1000018303,31.789,True,True,False
lcdb1000018304,15.719,False,False,False
lcdb1000018305,49.426,True,True,False
lcdb1000018306,13.141,False,False,False
lcdb1000018307,12.846,False,False,False
lcdb1000018310,19.418,False,True,True
lcdb1000018311,27.722,False,True,True
lcdb1000018314,24.172,False,True,True
lcdb1000018315,22.634,False,True,True
lcdb1000018316,31.85,True,True,False
lcdb1000018317,20.072,False,True,True
lcdb1000018318,15.328,False,False,False
lcdb1000018319,64.984,True,True,False
lcdb1000018322,14.073,False,False,False
lcdb1000018323,14.237,False,False,False
lcdb1000018324,17.724,False,False,False
lcdb1000018325,18.215,False,False,False
lcdb1000018326,9.152,False,False,False
lcdb1000018327,24.043,False,True,True
lcdb1000018328,16.323,False,False,False
lcdb1000018330,22.786,False,True,True
lcdb1000018333,46.004,True,True,False
lcdb1000018336,10.825,False,False,False
lcdb1000018337,20.082,False,True,True
lcdb1000018338,36.357,True,True,False
lcdb1000018339,28.702,False,True,True
lcdb1000018341,19.531,False,True,True
lcdb1000018342,29.65,False,True,True
lcdb1000018343,25.066,False,True,True
lcdb1000018344,14.054,False,False,False
lcdb1000018345,20.613,False,True,True
lcdb1000018348,38.993,True,True,False
lcdb1000018349,13.314,False,False,False
lcdb1000018350,15.189,False,False,False
lcdb1000018351,13.14,False,False,False
lcdb1000018352,11.835,False,False,False
lcdb1000018353,11.506,False,False,False
lcdb1000018354,24.954,False,True,True
lcdb1000018355,15.861,False,True,True
lcdb1000018357,9.435,False,False,False
lcdb1000018358,25.331,False,True,True
lcdb1000018359,18.455,False,True,True
lcdb1000018361,18.211,False,False,False
lcdb1000018362,14.976,False,False,False
lcdb1000018363,10.235,False,False,False
lcdb1000018364,13.545,False,False,False
lcdb1000018365,14.475,False,False,False
lcdb1000018366,30.086,True,True,False
lcdb1000018368,15.596,False,False,False
lcdb1000018369,14.082,False,False,False
lcdb1000018372,50.433,True,True,False
lcdb1000018373,35.414,True,True,False
lcdb1000018374,13.112,False,False,False
lcdb1000018376,16.002,False,True,True
lcdb1000018377,25.741,False,True,True
lcdb1000018378,9.095,False,False,False
lcdb1000018380,19.995,False,True,True
lcdb1000018381,15.933,False,False,False
lcdb1000018382,24.584,False,True,True
lcdb1000018383,6.892,False,False,False
lcdb1000018386,18.347,False,True,True
lcdb1000018387,16.191,False,False,False
lcdb1000018388,20.551,False,True,True
lcdb1000018389,18.503,False,True,True
lcdb1000018391,11.499,False,False,False
lcdb1000018392,17.923,False,True,True
lcdb1000018393,20.483,False,True,True
lcdb1000018394,35.591,True,True,False
lcdb1000018395,13.362,False,False,False
lcdb1000018396,17.434,False,True,True
lcdb1000018399,14.243,False,False,False
lcdb1000018401,28.892,False,True,True
lcdb1000018402,15.027,False,False,False
lcdb1000018403,27.779,False,True,True
lcdb1000018404,14.877,False,False,False
lcdb1000018405,19.755,False,True,True
lcdb1000018406,22.59,False,True,True
lcdb1000018407,47.978,True,True,False
lcdb1000018408,10.413,False,False,False
lcdb1000018409,13.329,False,False,False
lcdb1000018410,21.409,False,True,True
lcdb1000018411,15.045,False,True,True
lcdb1000018412,64.926,True,True,False
lcdb1000018413,28.472,False,True,True
lcdb1000018414,34.413,True,True,False
lcdb1000018415,22.596,False,True,True
lcdb1000018416,8.536,False,False,False
lcdb1000018417,20.301,False,True,True
lcdb1000018418,33.899,True,True,False
lcdb1000018419,34.898,True,True,False
lcdb1000018420,26.342,False,True,True
lcdb1000018421,15.72,False,False,False
lcdb1000018422,17.162,False,False,False
lcdb1000018423,19.168,False,True,True
lcdb1000018424,20.095,False,True,True
lcdb1000018425,34.654,True,True,False
lcdb1000018426,52.841,True,True,False
lcdb1000018427,10.548,False,False,False
lcdb1000018429,15.684,False,False,False
lcdb1000018430,13.225,False,False,False
lcdb1000018431,16.086,False,False,False
lcdb1000018432,15.168,False,False,False
lcdb1000018433,15.204,False,False,False
lcdb1000018434,7.12,False,False,False
lcdb1000018435,8.781,False,False,False
lcdb1000018436,21.099,False,True,True
lcdb1000018437,10.15,False,False,False
lcdb1000018438,26.723,False,True,True
lcdb1000018439,20.127,False,True,True
lcdb1000018440,22.427,False,True,True
lcdb1000018441,14.4,False,False,False
lcdb1000018442,16.612,False,False,False
lcdb1000018443,42.751,True,True,False
lcdb1000018444,14.757,False,False,False
lcdb1000018445,15.934,False,True,True
lcdb1000018446,31.586,True,True,False
lcdb1000018447,15.635,False,False,False
lcdb1000018449,10.768,False,False,False
lcdb1000018451,15.778,False,True,True
lcdb1000018452,14.026,False,False,False
lcdb1000018454,312.441,True,True,False
lcdb1000018455,8.779,False,False,False
lcdb1000018456,15.166,False,False,False
lcdb1000018457,27.417,False,True,True
lcdb1000018458,21.15,False,True,True
lcdb1000018459,15.661,False,False,False
lcdb1000018461,10.453,False,False,False
lcdb1000018462,58.512,True,True,False
lcdb1000018463,10.461,False,False,False
lcdb1000018464,15.713,False,False,False
lcdb1000018465,20.208,False,True,True
lcdb1000018466,45.684,True,True,False
lcdb1000018467,13.265,False,False,False
lcdb1000018468,20.213,False,True,True
lcdb1000018469,12.29,False,False,False
lcdb1000018470,15.657,False,False,False
lcdb1000018471,17.809,False,True,True
lcdb1000018472,33.584,True,True,False
lcdb1000018473,25.591,False,True,True
lcdb1000018474,33.589,True,True,False
lcdb1000018475,15.15,False,False,False
lcdb1000018476,26.009,False,True,True
lcdb1000018477,21.816,False,True,True
lcdb1000018478,24.876,False,True,True
lcdb1000018479,17.455,False,True,True
lcdb1000018480,16.685,False,False,False
lcdb1000018481,19.93,False,True,True
lcdb1000018483,41.73,True,True,False
lcdb1000018484,20.887,False,True,True
lcdb1000018485,36.616,True,True,False
lcdb1000018486,14.871,False,False,False
lcdb1000018487,9.35,False,False,False
lcdb1000018488,21.176,False,True,True
lcdb1000018489,6.789,False,False,False
lcdb1000018490,17.777,False,True,True
lcdb1000018492,15.76,False,False,False
lcdb1000018495,29.7,False,True,True
lcdb1000018497,10.616,False,False,False
lcdb1000018498,7.969,False,False,False
lcdb1000018499,26.324,False,True,True
lcdb1000018500,31.19,True,True,False
lcdb1000018501,24.902,False,True,True
lcdb1000018502,21.907,False,True,True
lcdb1000018503,46.584,True,True,False
lcdb1000018505,25.82,False,True,True
lcdb1000018506,38.267,True,True,False
lcdb1000018507,52.864,True,True,False
lcdb1000018508,7.977,False,False,False
lcdb1000018511,38.867,True,True,False
lcdb1000018514,14.155,False,False,False
lcdb1000018517,35.932,True,True,False
lcdb1000018518,32.87,True,True,False
lcdb1000018519,43.731,True,True,False
lcdb1000018520,33.081,True,True,False
lcdb1000018522,32.05,True,True,False
lcdb1000018524,44.496,True,True,False
lcdb1000018526,24.865,False,True,True
lcdb1000018527,33.868,True,True,False
lcdb1000018528,17.776,False,True,True
lcdb1000018529,17.768,False,True,True
lcdb1000018530,17.856,False,False,False
lcdb1000018531,32.228,True,True,False
lcdb1000018532,31.498,True,True,False
lcdb1000018533,77.043,True,True,False
lcdb1000018534,36.417,True,True,False
lcdb1000018535,27.207,False,True,True
lcdb1000018536,26.141,False,True,True
lcdb1000018537,45.504,True,True,False
lcdb1000018538,19.68,False,True,True
lcdb1000018539,21.239,False,True,True
lcdb1000018540,23.093,False,True,True
lcdb1000018541,19.025,False,False,False
lcdb1000018542,51.17,True,True,False
lcdb1000018544,35.472,True,True,False
lcdb1000018545,20.687,False,True,True
lcdb1000018546,32.202,True,True,False
lcdb1000018547,8.597,False,False,False
lcdb1000018548,15.826,False,True,True
lcdb1000018549,19.596,False,True,True
lcdb1000018550,14.186,False,False,False
lcdb1000018552,21.252,False,True,True
lcdb1000018553,9.055,False,False,False
lcdb1000018554,25.724,False,True,True
lcdb1000018556,19.925,False,True,True
lcdb1000018557,30.937,True,True,False
lcdb1000018559,51.691,True,True,False
lcdb1000018560,38.592,True,True,False
lcdb1000018563,44.769,True,True,False
lcdb1000018564,34.865,True,True,False
lcdb1000018565,37.667,True,True,False
lcdb1000018567,41.081,True,True,False
lcdb1000018568,18.873,False,True,True
lcdb1000018569,22.363,False,True,True
lcdb1000018570,27.764,False,True,True
lcdb1000018571,23.719,False,True,True
lcdb1000018573,9.432,False,False,False
lcdb1000018574,16.372,False,False,False
lcdb1000018575,11.893,False,False,False
lcdb1000018576,17.796,False,True,True
lcdb1000018577,30.795,True,True,False
lcdb1000018578,17.239,False,True,True
lcdb1000018579,21.569,False,True,True
lcdb1000018580,29.235,False,True,True
lcdb1000018582,33.764,True,True,False
lcdb1000018583,99.476,True,True,False
lcdb1000018584,20.833,False,True,True
lcdb1000018585,36.56,True,True,False
lcdb1000018586,57.313,True,True,False
lcdb1000018587,8.727,False,False,False
lcdb1000018588,8.165,False,False,False
lcdb1000018589,27.212,False,True,True
lcdb1000018590,5.41,False,False,False
lcdb1000018591,11.649,False,False,False
lcdb1000018592,21.059,False,True,True
lcdb1000018593,30.925,True,True,False
lcdb1000018594,32.074,True,True,False
lcdb1000018595,16.42,False,True,True
lcdb1000018596,17.199,False,True,True
lcdb1000018597,97.052,True,True,False
lcdb1000018598,24.542,False,True,True
lcdb1000018599,18.925,False,False,False
lcdb1000018600,26.077,False,True,True
lcdb1000018601,14.28,False,False,False
lcdb1000018602,9.41,False,False,False
lcdb1000018605,40.662,True,True,False
lcdb1000018606,23.977,False,True,True
lcdb1000018607,13.694,False,False,False
lcdb1000018609,9.434,False,False,False
lcdb1000018610,20.355,False,True,True
lcdb1000018611,18.798,False,True,True
lcdb1000018613,15.792,False,True,True
lcdb1000018614,24.806,False,True,True
lcdb1000018615,11.75,False,False,False
lcdb1000018616,34.224,True,True,False
lcdb1000018617,31.502,True,True,False
lcdb1000018618,22.033,False,True,True
lcdb1000018619,19.361,False,True,True
lcdb1000018621,36.389,True,True,False
lcdb1000018622,48.875,True,True,False
lcdb1000018623,27.577,False,True,True
lcdb1000018624,15.268,False,True,True
lcdb1000018625,16.717,False,True,True
lcdb1000018627,24.677,False,True,True
lcdb1000018630,9.064,False,False,False
lcdb1000018632,24.34,False,True,True
lcdb1000018634,7.095,False,False,False
lcdb1000018636,49.29,True,True,False
lcdb1000018637,57.409,True,True,False
lcdb1000018638,72.523,True,True,False
lcdb1000018640,10.321,False,False,False
lcdb1000018641,58.51,True,True,False
lcdb1000018646,22.165,False,True,True
lcdb1000018648,43.611,True,True,False
lcdb1000018651,14.531,False,False,False
lcdb1000018652,73.994,True,True,False
lcdb1000018653,17.871,False,True,True
lcdb1000018656,31.423,True,True,False
lcdb1000018657,34.181,True,True,False
lcdb1000018658,50.395,True,True,False
lcdb1000018659,11.441,False,False,False
lcdb1000018660,20.977,False,True,True
lcdb1000018661,12.598,False,False,False
lcdb1000018663,53.033,True,True,False
lcdb1000018665,49.461,True,True,False
lcdb1000018669,37.794,True,True,False
lcdb1000018670,34.691,True,True,False
lcdb1000018671,33.549,True,True,False
lcdb1000018673,32.954,True,True,False
lcdb1000018674,3.661,False,False,False
lcdb1000018676,18.534,False,True,True
lcdb1000018678,27.234,False,True,True
lcdb1000018679,6.031,False,False,False
lcdb1000018680,9.707,False,False,False
lcdb1000018682,46.487,True,True,False
lcdb1000018684,21.716,False,True,True
lcdb1000018685,27.263,False,True,True
lcdb1000018687,47.768,True,True,False
lcdb1000018688,16.664,False,True,True
lcdb1000018689,16.475,False,True,True
lcdb1000018691,31.302,True,True,False
lcdb1000018700,25.792,False,True,True
lcdb1000018701,11.893,False,False,False
lcdb1000018705,41.819,True,True,False
lcdb1000018709,22.677,False,True,True
lcdb1000018710,88.789,True,True,False
lcdb1000018711,13.941,False,False,False
lcdb1000018712,29.802,False,True,True
lcdb1000018714,9.156,False,False,False
lcdb1000018715,14.361,False,False,False
lcdb1000018716,86.212,True,True,False
lcdb1000018718,16.956,False,True,True
lcdb1000018720,13.409,False,False,False
lcdb1000018728,52.911,True,True,False
lcdb1000018729,16.192,False,False,False
lcdb1000018767,78.115,True,True,False
lcdb1000018775,45.254,True,True,False
lcdb1000018804,37.821,True,True,False
lcdb1000018807,42.419,True,True,False
lcdb1000018812,25.544,False,True,True
lcdb1000018819,8.41,False,False,False
lcdb1000018820,39.742,True,True,False
lcdb1000018829,47.268,True,True,False
lcdb1000018840,17.658,False,False,False
lcdb1000018867,34.726,True,True,False
lcdb1000018869,42.312,True,True,False
lcdb1000018873,73.296,True,True,False
lcdb1000018875,42.699,True,True,False
lcdb1000018961,34.827,True,True,False
lcdb1000018984,49.353,True,True,False
lcdb1000018993,36.526,True,True,False
lcdb1000018995,15.029,False,True,True
lcdb1000019027,43.935,True,True,False
lcdb1000019028,46.943,True,True,False
lcdb1000019063,38.947,True,True,False
lcdb1000019080,37.601,True,True,False
lcdb1000019117,37.638,True,True,False
lcdb1000019119,33.543,True,True,False
lcdb1000019127,24.897,False,True,True
lcdb1000019138,40.75,True,True,False
lcdb1000019140,43.302,True,True,False
lcdb1000019144,80.709,True,True,False
lcdb1000019160,42.555,True,True,False
lcdb1000019166,30.548,True,True,False
lcdb1000020318,51.862,True,True,False
lcdb1000020435,10.343,False,False,False
lcdb1000020436,16.642,False,False,False
lcdb1000020437,66.84,True,True,False
lcdb1000020438,22.321,False,True,True
lcdb1000020527,12.484,False,False,False
lcdb1000020531,57.233,True,True,False
lcdb1000020976,68.726,True,True,False
lcdb1000020988-part-1,7.296,False,False,False
lcdb1000020988-part-2,0.308,False,False,False
lcdb1000020988-part-3,1.14,False,False,False
lcdb1000020988-part-4,42.288,True,True,False
lcdb1000020990,33.077,True,True,False
lcdb1000020991,26.778,False,True,True
lcdb1000020992,24.793,False,True,True
lcdb1000020993,24.515,False,True,True
lcdb1000020994,36.724,True,True,False
lcdb1000020995,9.691,False,False,False
lcdb1000020996,12.489,False,False,False
lcdb1000020997,6.165,False,False,False
lcdb1000020998,20.505,False,True,True
lcdb1000020999,30.237,True,True,False
lcdb1000021000,37.946,True,True,False
lcdb1000021001,23.468,False,True,True
lcdb1000021004,36.158,True,True,False
lcdb1000021006,51.993,True,True,False
lcdb1000021007,10.71,False,False,False
lcdb1000021008-part-1,11.916,False,False,False
lcdb1000021008-part-10,1.952,False,False,False
lcdb1000021008-part-11,0.0,False,False,False
lcdb1000021008-part-12,14.566,False,False,False
lcdb1000021008-part-13,4.909,False,False,False
lcdb1000021008-part-14,44.693,True,True,False
lcdb1000021008-part-15,29.502,False,True,True
lcdb1000021008-part-16,1.723,False,False,False
lcdb1000021008-part-17,0.318,False,False,False
lcdb1000021008-part-18,2.29,False,False,False
lcdb1000021008-part-19,12.428,False,False,False
lcdb1000021008-part-2,26.097,False,True,True
lcdb1000021008-part-3,24.552,False,True,True
lcdb1000021008-part-4,2.041,False,False,False
lcdb1000021008-part-5,13.892,False,True,True
lcdb1000021008-part-6,0.123,False,False,False
lcdb1000021008-part-7,8.819,False,False,False
lcdb1000021008-part-8,0.468,False,False,False
lcdb1000021008-part-9,0.0,False,False,False
lcdb1000021009,26.74,False,True,True
lcdb1000021010,30.227,True,True,False
lcdb1000021013,39.185,True,True,False
lcdb1000021015,24.152,False,True,True
lcdb1000021017,27.724,False,True,True
lcdb1000021019,36.281,True,True,False
lcdb1000021022,33.276,True,True,False
lcdb1000021026,52.823,True,True,False
lcdb1000021027,40.802,True,True,False
lcdb1000021028,59.561,True,True,False
lcdb1000021033-part-1,37.428,True,True,False
lcdb1000021033-part-2,48.546,True,True,False
lcdb1000021035-part-1,39.591,True,True,False
lcdb1000021035-part-2,32.789,True,True,False
lcdb1000021037,67.228,True,True,False
lcdb1000021040,41.992,True,True,False
lcdb1000021045,45.262,True,True,False
lcdb1000021074,20.256,False,True,True
lcdb1000021075,28.495,False,True,True
lcdb1000021076,20.749,False,True,True
lcdb1000021078,9.69,False,False,False
lcdb1000021080,42.101,True,True,False
lcdb1000021088,80.437,True,True,False
lcdb1000021094,68.046,True,True,False
lcdb1000021097,35.98,True,True,False
lcdb1000021098,41.002,True,True,False
lcdb1000021102,45.953,True,True,False
lcdb1000021106,31.522,True,True,False
lcdb1000021109,82.842,True,True,False
lcdb1000021111,23.513,False,True,True
lcdb1000021112,70.11,True,True,False
lcdb1000021115,34.749,True,True,False
lcdb1000021118,59.925,True,True,False
lcdb1000021119,64.727,True,True,False
lcdb1000021127,42.712,True,True,False
lcdb1000021130,36.598,True,True,False
lcdb1000021132,53.999,True,True,False
lcdb1000021141,59.837,True,True,False
lcdb1000021154,64.189,True,True,False
lcdb1000021156,45.981,True,True,False
lcdb1000021159,63.037,True,True,False
lcdb1000021174,55.542,True,True,False
lcdb1000021176,55.367,True,True,False
lcdb1000021178,56.004,True,True,False
lcdb1000021196-part-1,28.916,False,True,True
lcdb1000021196-part-2,47.249,True,True,False
lcdb1000021198,70.058,True,True,False
lcdb1000021211,41.294,True,True,False
lcdb1000021222,46.499,True,True,False
lcdb1000021223,57.142,True,True,False
lcdb1000021224,0.487,False,False,False
lcdb1000021377,15.467,False,True,True
lcdb1000021378,17.612,False,True,True
lcdb1000021379,13.129,False,False,False
lcdb1000021389,106.315,True,True,False
lcdb1000021396-part-1,17.718,False,False,False
lcdb1000021396-part-2,15.933,False,True,True
lcdb1000021396-part-3,39.996,True,True,False
lcdb1000021396-part-4,67.015,True,True,False
lcdb1000021563-part-1,1.635,False,False,False
lcdb1000021563-part-2,2.466,False,False,False
lcdb1000021564,26.013,False,True,True
lcdb1000021565-part-1,147.172,True,True,False
lcdb1000021565-part-2,6.425,False,False,False
lcdb1000021565-part-3,28.065,False,True,True
lcdb1000021565-part-4,1.825,False,False,False
lcdb1000021565-part-5,3.875,False,False,False
lcdb1000021565-part-6,1.562,False,False,False
lcdb1000021681-part-1,24.254,False,True,True
lcdb1000021681-part-2,8.57,False,False,False
lcdb1000022783,11.214,False,False,False
lcdb1000022800,54.46,True,True,False
lcdb1000025536,63.187,True,True,False
lcdb1000025622,67.301,True,True,False
lcdb1000028558,176.08,True,True,False
lcdb1000028559,124.983,True,True,False
lcdb1000028560,61.517,True,True,False
lcdb1000028562,95.46,True,True,False
lcdb1000028599,47.964,True,True,False
lcdb1000028681,118.552,True,True,False
lcdb1000028682,145.795,True,True,False
lcdb1000028683,113.773,True,True,False
lcdb1000028687,85.351,True,True,False
lcdb1000028903,39.103,True,True,False
lcdb1000028908,25.711,False,True,True
lcdb1000029195,117.057,True,True,False
lcdb1000029268,41.306,True,True,False
lcdb1000029691,104.476,True,True,False
lcdb1000029692,72.156,True,True,False
lcdb1000029696,57.664,True,True,False
lcdb1000029697,127.932,True,True,False
lcdb1000029700,20.325,False,True,True
lcdb1000029704,28.996,False,True,True
lcdb1000030332,58.808,True,True,False
lcdb1000030333,71.016,True,True,False
lcdb1000030334,47.998,True,True,False
lcdb1000030410,127.414,True,True,False
lcdb1000030411,31.603,True,True,False
lcdb1000030412,67.928,True,True,False
lcdb1000030413,68.082,True,True,False
lcdb1000030414,53.729,True,True,False
lcdb1000031897,46.632,True,True,False
lcdb1000031898,52.354,True,True,False
lcdb1000034129,101.391,True,True,False
lcdb1000034231,62.505,True,True,False
lcdb1000034242,61.023,True,True,False
lcdb1000034275,32.63,True,True,False
lcdb1000034279,36.243,True,True,False
lcdb1000034304,43.983,True,True,False
lcdb1000034308,291.254,True,True,False
lcdb1000034316,331.331,True,True,False
lcdb1000034346,66.836,True,True,False
lcdb1000034368,87.132,True,True,False
lcdb1000034374,129.625,True,True,False
lcdb1000034377,34.392,True,True,False
lcdb1000034379,49.696,True,True,False
lcdb1000034380,55.326,True,True,False
lcdb1000034383,42.809,True,True,False
lcdb1000034387,136.133,True,True,False
lcdb1000034388,66.442,True,True,False
lcdb1000034391,60.31,True,True,False
lcdb1000034394,73.884,True,True,False
lcdb1000034397,62.405,True,True,False
lcdb1000034399,53.155,True,True,False
lcdb1000034404,33.198,True,True,False
lcdb1000034405,103.244,True,True,False
lcdb1000034406,56.984,True,True,False
lcdb1000034409,77.602,True,True,False
lcdb1000034410,122.243,True,True,False
lcdb1000034422,70.884,True,True,False
lcdb1000034434,47.436,True,True,False
lcdb1000034437,29.994,False,True,True
lcdb1000034449,49.881,True,True,False
lcdb1000034457,21.167,False,True,True
lcdb1000034459,36.608,True,True,False
lcdb1000034464,27.492,False,True,True
lcdb1000034473,49.496,True,True,False
lcdb1000034476,80.229,True,True,False
lcdb1000034480,19.61,False,True,True
lcdb1000034481,39.276,True,True,False
lcdb1000034490,89.497,True,True,False
lcdb1000034495,66.847,True,True,False
lcdb1000034506,30.486,True,True,False
lcdb1000034517,34.602,True,True,False
lcdb1000034519,27.398,False,True,True
lcdb1000034521,69.849,True,True,False
lcdb1000034527,35.069,True,True,False
lcdb1000034529,39.275,True,True,False
lcdb1000034537,48.56,True,True,False
lcdb1000034542,21.56,False,True,True
lcdb1000034546,19.923,False,True,True
lcdb1000034553,75.478,True,True,False
lcdb1000034554,31.109,True,True,False
lcdb1000034559,80.522,True,True,False
lcdb1000034564,52.433,True,True,False
lcdb1000034568,36.188,True,True,False
lcdb1000034569,51.202,True,True,False
lcdb1000034571,102.471,True,True,False
lcdb1000034577,33.747,True,True,False
lcdb1000034579,33.399,True,True,False
lcdb1000034601,30.106,True,True,False
lcdb1000034602,34.619,True,True,False
lcdb1000034603,51.879,True,True,False
lcdb1000034606,26.348,False,True,True
lcdb1000034607,59.293,True,True,False
lcdb1000034608,33.627,True,True,False
lcdb1000034613,30.396,True,True,False
lcdb1000034623,69.363,True,True,False
lcdb1000034631,100.941,True,True,False
lcdb1000034636,53.781,True,True,False
lcdb1000034642,41.847,True,True,False
lcdb1000034649,33.306,True,True,False
lcdb1000034656,270.31,True,True,False
lcdb1000034683,72.932,True,True,False
lcdb1000034698,42.111,True,True,False
lcdb1000034708,453.497,True,True,False
lcdb1000034727,49.027,True,True,False
lcdb1000034728-part-1,200.949,True,True,False
lcdb1000034728-part-2,4.599,False,False,False
lcdb1000034736,22.517,False,True,True
lcdb1000034739,210.727,True,True,False
lcdb1000034741,71.503,True,True,False
lcdb1000034745,31.809,True,True,False
lcdb1000034763,64.05,True,True,False
lcdb1000034765,32.682,True,True,False
lcdb1000034766,56.426,True,True,False
lcdb1000034767,75.093,True,True,False
lcdb1000034770,54.26,True,True,False
lcdb1000034774,55.842,True,True,False
lcdb1000034780,24.912,False,True,True
lcdb1000034782,88.572,True,True,False
lcdb1000034783,39.691,True,True,False
lcdb1000034784,124.071,True,True,False
lcdb1000034785,275.853,True,True,False
lcdb1000034786,115.97,True,True,False
lcdb1000034787,87.074,True,True,False
lcdb1000034788,78.653,True,True,False
lcdb1000034789,34.836,True,True,False
lcdb1000034790,43.953,True,True,False
lcdb1000034791,177.665,True,True,False
lcdb1000034792,262.53,True,True,False
lcdb1000034794,128.502,True,True,False
lcdb1000034795,57.534,True,True,False
lcdb1000034797,70.956,True,True,False
lcdb1000034798,188.514,True,True,False
lcdb1000034799,145.891,True,True,False
lcdb1000034800,29.966,False,True,True
lcdb1000034801,161.645,True,True,False
lcdb1000034804,58.838,True,True,False
lcdb1000034807,59.099,True,True,False
lcdb1000034808,32.519,True,True,False
lcdb1000034814,93.222,True,True,False
lcdb1000034818,95.789,True,True,False
lcdb1000034820,123.39,True,True,False
lcdb1000034821,79.616,True,True,False
lcdb1000034822,89.982,True,True,False
lcdb1000034823,170.42,True,True,False
lcdb1000034824,46.171,True,True,False
lcdb1000034825,56.416,True,True,False
lcdb1000034826,153.234,True,True,False
lcdb1000034827,66.274,True,True,False
lcdb1000034828,57.277,True,True,False
lcdb1000034829,66.983,True,True,False
lcdb1000034830,65.513,True,True,False
lcdb1000034831,47.633,True,True,False
lcdb1000034832,176.607,True,True,False
lcdb1000034833,97.105,True,True,False
lcdb1000034836,88.669,True,True,False
lcdb1000034838,95.735,True,True,False
lcdb1000034840,37.709,True,True,False
lcdb1000034846,174.213,True,True,False
lcdb1000034851,86.656,True,True,False
lcdb1000034853,60.439,True,True,False
lcdb1000034854,208.92,True,True,False
lcdb1000034855,129.492,True,True,False
lcdb1000034860,69.309,True,True,False
lcdb1000034862,67.36,True,True,False
lcdb1000034867,31.801,True,True,False
lcdb1000034869,63.607,True,True,False
lcdb1000034872,58.493,True,True,False
lcdb1000034874,45.581,True,True,False
lcdb1000034875,70.56,True,True,False
lcdb1000034878,169.117,True,True,False
lcdb1000034879,37.141,True,True,False
lcdb1000034882,99.863,True,True,False
lcdb1000034883,75.511,True,True,False
lcdb1000034887,146.006,True,True,False
lcdb1000034888,108.654,True,True,False
lcdb1000034889,156.285,True,True,False
lcdb1000034893,35.276,True,True,False
lcdb1000034894,46.088,True,True,False
lcdb1000034895,37.549,True,True,False
lcdb1000034897,40.377,True,True,False
lcdb1000034899,26.927,False,True,True
lcdb1000034900,38.437,True,True,False
lcdb1000034901,31.532,True,True,False
lcdb1000034902,5.536,False,False,False
lcdb1000034903,111.626,True,True,False
lcdb1000034904,17.973,False,True,True
lcdb1000034915,50.164,True,True,False
lcdb1000034917,73.047,True,True,False
lcdb1000034918,80.901,True,True,False
lcdb1000034924,80.311,True,True,False
lcdb1000034928,155.069,True,True,False
lcdb1000034930,73.87,True,True,False
lcdb1000034934,56.641,True,True,False
lcdb1000034935,86.07,True,True,False
lcdb1000034942,36.368,True,True,False
lcdb1000034944,40.862,True,True,False
lcdb1000034948,119.48,True,True,False
lcdb1000034950,102.651,True,True,False
lcdb1000034953,73.935,True,True,False
lcdb1000034954,66.626,True,True,False
lcdb1000034961,95.242,True,True,False
lcdb1000034962,97.377,True,True,False
lcdb1000034966,46.987,True,True,False
lcdb1000034967,31.731,True,True,False
lcdb1000034975,36.445,True,True,False
lcdb1000034980,37.747,True,True,False
lcdb1000034981,21.774,False,True,True
lcdb1000034986,115.309,True,True,False
lcdb1000034987,43.898,True,True,False
lcdb1000034988,34.187,True,True,False
lcdb1000034991,92.174,True,True,False
lcdb1000034996,34.148,True,True,False
lcdb1000035002,27.466,False,True,True
lcdb1000035007,66.987,True,True,False
lcdb1000035009,58.735,True,True,False
lcdb1000035021,112.487,True,True,False
lcdb1000035026,46.819,True,True,False
lcdb1000035038,55.617,True,True,False
lcdb1000035046,54.699,True,True,False
lcdb1000035048,41.041,True,True,False
lcdb1000035052,128.054,True,True,False
lcdb1000035053,58.234,True,True,False
lcdb1000035057,71.52,True,True,False
lcdb1000035059,43.084,True,True,False
lcdb1000035060,27.633,False,True,True
lcdb1000035062,61.963,True,True,False
lcdb1000035069,42.384,True,True,False
lcdb1000035070,105.696,True,True,False
lcdb1000035077,27.515,False,True,True
lcdb1000035084,39.485,True,True,False
lcdb1000035085,13.408,False,True,True
lcdb1000035087,167.009,True,True,False
lcdb1000035088,32.373,True,True,False
lcdb1000035090,29.798,False,True,True
lcdb1000035091,32.532,True,True,False
lcdb1000035095,136.238,True,True,False
lcdb1000035102,33.853,True,True,False
lcdb1000035122,33.841,True,True,False
lcdb1000035123,41.15,True,True,False
lcdb1000035125,24.265,False,True,True
lcdb1000035128,16.135,False,True,True
lcdb1000035129,24.565,False,True,True
lcdb1000035130,93.135,True,True,False
lcdb1000035131,55.575,True,True,False
lcdb1000035132,43.188,True,True,False
lcdb1000035133,51.433,True,True,False
lcdb1000035134,65.165,True,True,False
lcdb1000035135,62.662,True,True,False
lcdb1000035137,29.899,False,True,True
lcdb1000035138,99.225,True,True,False
lcdb1000035139,29.514,False,True,True
lcdb1000035140,117.067,True,True,False
lcdb1000035141,57.326,True,True,False
lcdb1000035143,80.354,True,True,False
lcdb1000035144,57.338,True,True,False
lcdb1000035145,39.826,True,True,False
lcdb1000035147,36.629,True,True,False
lcdb1000035148,51.697,True,True,False
lcdb1000035149,34.777,True,True,False
lcdb1000035150,251.094,True,True,False
lcdb1000035153,34.367,True,True,False
lcdb1000035154,45.063,True,True,False
lcdb1000035155,33.153,True,True,False
lcdb1000035157,36.168,True,True,False
lcdb1000035159,26.558,False,True,True
lcdb1000035160,44.373,True,True,False
lcdb1000035161,25.024,False,True,True
lcdb1000035165,38.824,True,True,False
lcdb1000035167,15.781,False,False,False
lcdb1000035168,61.872,True,True,False
lcdb1000035169,77.879,True,True,False
lcdb1000035170,27.466,False,True,True
lcdb1000035171,44.227,True,True,False
lcdb1000035172,97.341,True,True,False
lcdb1000035173,46.122,True,True,False
lcdb1000035175,125.899,True,True,False
lcdb1000035177,56.015,True,True,False
lcdb1000035178,40.688,True,True,False
lcdb1000035179,66.99,True,True,False
lcdb1000035182,90.61,True,True,False
lcdb1000035183,37.226,True,True,False
lcdb1000035187,37.839,True,True,False
lcdb1000035191,22.71,False,True,True
lcdb1000035196,54.446,True,True,False
lcdb1000035199,123.905,True,True,False
lcdb1000035201,65.382,True,True,False
lcdb1000035203,56.046,True,True,False
lcdb1000035209,47.29,True,True,False
lcdb1000035210,66.726,True,True,False
lcdb1000035213,31.272,True,True,False
lcdb1000035214,26.29,False,True,True
lcdb1000035218,38.584,True,True,False
lcdb1000035221,65.862,True,True,False
lcdb1000035223,100.383,True,True,False
lcdb1000035226,33.912,True,True,False
lcdb1000035229,27.038,False,True,True
lcdb1000035230,37.947,True,True,False
lcdb1000035231,26.089,False,True,True
lcdb1000035234,78.112,True,True,False
lcdb1000035236,57.29,True,True,False
lcdb1000035238,92.706,True,True,False
lcdb1000035239,20.79,False,True,True
lcdb1000035241,62.908,True,True,False
lcdb1000035244,99.992,True,True,False
lcdb1000035249,31.723,True,True,False
lcdb1000035252,36.027,True,True,False
lcdb1000035260,95.955,True,True,False
lcdb1000035261,32.247,True,True,False
lcdb1000035262,56.029,True,True,False
lcdb1000035265,35.001,True,True,False
lcdb1000035266,32.145,True,True,False
lcdb1000035268,38.253,True,True,False
lcdb1000035271,28.943,False,True,True
lcdb1000035272,98.405,True,True,False
lcdb1000035274,55.01,True,True,False
lcdb1000035277,21.728,False,True,True
lcdb1000035281,80.418,True,True,False
lcdb1000035286,121.153,True,True,False
lcdb1000035290,41.322,True,True,False
lcdb1000035291,66.602,True,True,False
lcdb1000035292,37.405,True,True,False
lcdb1000035293,43.791,True,True,False
lcdb1000035294,84.299,True,True,False
lcdb1000035295,224.179,True,True,False
lcdb1000035296,148.613,True,True,False
lcdb1000035297,54.309,True,True,False
lcdb1000035298,34.864,True,True,False
lcdb1000035299,75.122,True,True,False
lcdb1000035302,25.928,False,True,True
lcdb1000035303,17.726,False,True,True
lcdb1000035306,81.791,True,True,False
lcdb1000035309,70.196,True,True,False
lcdb1000035310,62.785,True,True,False
lcdb1000035313,103.933,True,True,False
lcdb1000035314,146.786,True,True,False
lcdb1000035315,46.017,True,True,False
lcdb1000035319,121.752,True,True,False
lcdb1000035320,139.629,True,True,False
lcdb1000035321,33.948,True,True,False
lcdb1000035323,48.758,True,True,False
lcdb1000035324,90.125,True,True,False
lcdb1000035325,31.38,True,True,False
lcdb1000035326,36.699,True,True,False
lcdb1000035327,107.417,True,True,False
lcdb1000035330,33.117,True,True,False
lcdb1000035331,298.315,True,True,False
lcdb1000035332,52.208,True,True,False
lcdb1000035335,201.988,True,True,False
lcdb1000035336,67.124,True,True,False
lcdb1000035339,37.939,True,True,False
lcdb1000035343,63.976,True,True,False
lcdb1000035347,66.343,True,True,False
lcdb1000035349,67.389,True,True,False
lcdb1000035352,109.024,True,True,False
lcdb1000035353,43.541,True,True,False
lcdb1000035355,35.358,True,True,False
lcdb1000035358,39.628,True,True,False
lcdb1000035359,43.805,True,True,False
lcdb1000035360,55.411,True,True,False
lcdb1000035362,26.237,False,True,True
lcdb1000035365,116.866,True,True,False
lcdb1000035369,59.22,True,True,False
lcdb1000035370,82.311,True,True,False
lcdb1000035371,57.613,True,True,False
lcdb1000035372,24.813,False,True,True
lcdb1000035373,104.843,True,True,False
lcdb1000035374,50.208,True,True,False
lcdb1000035378-part-1,27.885,False,True,True
lcdb1000035378-part-10,37.392,True,True,False
lcdb1000035378-part-11,20.906,False,True,True
lcdb1000035378-part-12,149.075,True,True,False
lcdb1000035378-part-13,0.472,False,False,False
lcdb1000035378-part-14,27.479,False,True,True
lcdb1000035378-part-15,247.066,True,True,False
lcdb1000035378-part-16,42.254,True,True,False
lcdb1000035378-part-17,11.924,False,False,False
lcdb1000035378-part-18,92.456,True,True,False
lcdb1000035378-part-19,1.977,False,False,False
lcdb1000035378-part-2,21.809,False,True,True
lcdb1000035378-part-20,21.118,False,True,True
lcdb1000035378-part-21,19.293,False,True,True
lcdb1000035378-part-22,11.057,False,False,False
lcdb1000035378-part-23,0.971,False,False,False
lcdb1000035378-part-24,13.354,False,False,False
lcdb1000035378-part-25,8.217,False,False,False
lcdb1000035378-part-26,11.744,False,False,False
lcdb1000035378-part-27,21.518,False,True,True
lcdb1000035378-part-28,27.165,False,True,True
lcdb1000035378-part-29,483.508,True,True,False
lcdb1000035378-part-3,24.599,False,True,True
lcdb1000035378-part-30,25.996,False,True,True
lcdb1000035378-part-31,53.314,True,True,False
lcdb1000035378-part-32,4.163,False,False,False
lcdb1000035378-part-33,33.873,True,True,False
lcdb1000035378-part-34,0.551,False,False,False
lcdb1000035378-part-35,4.951,False,False,False
lcdb1000035378-part-36,439.902,True,True,False
lcdb1000035378-part-37,824.436,True,True,False
lcdb1000035378-part-38,2.74,False,False,False
lcdb1000035378-part-39,379.294,True,True,False
lcdb1000035378-part-4,1.049,False,False,False
lcdb1000035378-part-40,358.832,True,True,False
lcdb1000035378-part-41,46.63,True,True,False
lcdb1000035378-part-42,299.793,True,True,False
lcdb1000035378-part-43,161.432,True,True,False
lcdb1000035378-part-44,43.151,True,True,False
lcdb1000035378-part-45,516.305,True,True,False
lcdb1000035378-part-46,2.458,False,False,False
lcdb1000035378-part-47,12.921,False,False,False
lcdb1000035378-part-5,1.051,False,False,False
lcdb1000035378-part-6,28.521,False,True,True
lcdb1000035378-part-7,19.593,False,True,True
lcdb1000035378-part-8,122.466,True,True,False
lcdb1000035378-part-9,290.296,True,True,False
lcdb1000035379,77.205,True,True,False
lcdb1000035381,76.066,True,True,False
lcdb1000035388,65.695,True,True,False
lcdb1000035391,26.221,False,True,True
lcdb1000035393,93.449,True,True,False
lcdb1000035394,50.251,True,True,False
lcdb1000035399,60.825,True,True,False
lcdb1000035400,122.881,True,True,False
lcdb1000035401,52.888,True,True,False
lcdb1000035402,67.858,True,True,False
lcdb1000035403,90.963,True,True,False
lcdb1000035404,61.849,True,True,False
lcdb1000035407,97.957,True,True,False
lcdb1000035408,95.26,True,True,False
lcdb1000035411,57.361,True,True,False
lcdb1000035417,210.495,True,True,False
lcdb1000035418,31.142,True,True,False
lcdb1000035422,23.51,False,True,True
lcdb1000035424,43.432,True,True,False
lcdb1000035425,22.323,False,True,True
lcdb1000035427,318.091,True,True,False
lcdb1000035429,45.27,True,True,False
lcdb1000035432,50.513,True,True,False
lcdb1000035434,173.069,True,True,False
lcdb1000035435,81.269,True,True,False
lcdb1000035437,71.628,True,True,False
lcdb1000035438,88.189,True,True,False
lcdb1000035439,46.762,True,True,False
lcdb1000035443,30.8,True,True,False
lcdb1000035446,35.503,True,True,False
lcdb1000035447,71.025,True,True,False
lcdb1000035448,48.167,True,True,False
lcdb1000035449,114.219,True,True,False
lcdb1000035450,53.908,True,True,False
lcdb1000035451,23.722,False,True,True
lcdb1000035453,77.642,True,True,False
lcdb1000035454,66.802,True,True,False
lcdb1000035457,69.682,True,True,False
lcdb1000035458,50.734,True,True,False
lcdb1000035459,57.366,True,True,False
lcdb1000035460,291.79,True,True,False
lcdb1000035461,94.989,True,True,False
lcdb1000035466,54.828,True,True,False
lcdb1000035467,44.65,True,True,False
lcdb1000035469,74.467,True,True,False
lcdb1000035470,121.943,True,True,False
lcdb1000035472,80.129,True,True,False
lcdb1000035473,65.217,True,True,False
lcdb1000035480,61.441,True,True,False
lcdb1000035483,55.822,True,True,False
lcdb1000035484,66.285,True,True,False
lcdb1000035485,63.152,True,True,False
lcdb1000035486,45.384,True,True,False
lcdb1000035488,72.113,True,True,False
lcdb1000035491,30.822,True,True,False
lcdb1000035492,105.683,True,True,False
lcdb1000035499,110.887,True,True,False
lcdb1000035501,112.464,True,True,False
lcdb1000035512,54.06,True,True,False
lcdb1000035515,51.594,True,True,False
lcdb1000035517,107.666,True,True,False
lcdb1000035518,466.755,True,True,False
lcdb1000035520,50.658,True,True,False
lcdb1000035526,24.71,False,True,True
lcdb1000035527,57.233,True,True,False
lcdb1000035535,38.718,True,True,False
lcdb1000035539-part-1,3.839,False,False,False
lcdb1000035539-part-2,48.899,True,True,False
lcdb1000035544,43.748,True,True,False
lcdb1000035545,43.634,True,True,False
lcdb1000035546,145.988,True,True,False
lcdb1000035547,49.105,True,True,False
lcdb1000035551,106.085,True,True,False
lcdb1000035552,68.828,True,True,False
lcdb1000035553,161.899,True,True,False
lcdb1000035554,54.033,True,True,False
lcdb1000035559-part-1,218.361,True,True,False
lcdb1000035559-part-2,0.844,False,False,False
lcdb1000035561,182.941,True,True,False
lcdb1000035569,41.004,True,True,False
lcdb1000035573,139.546,True,True,False
lcdb1000035576,38.173,True,True,False
lcdb1000035580,111.099,True,True,False
lcdb1000035581,76.194,True,True,False
lcdb1000035582,428.586,True,True,False
lcdb1000035584,79.67,True,True,False
lcdb1000035586,32.604,True,True,False
lcdb1000035587,26.591,False,True,True
lcdb1000035588,17.065,False,True,True
lcdb1000035589,38.058,True,True,False
lcdb1000035590,31.676,True,True,False
lcdb1000035591,72.894,True,True,False
lcdb1000035592,58.144,True,True,False
lcdb1000035595,51.011,True,True,False
lcdb1000035599,75.501,True,True,False
lcdb1000035602,56.836,True,True,False
lcdb1000035605,48.084,True,True,False
lcdb1000035615,77.387,True,True,False
lcdb1000035620,48.388,True,True,False
lcdb1000035621,24.022,False,True,True
lcdb1000035624,139.775,True,True,False
lcdb1000035625,144.917,True,True,False
lcdb1000035626,106.256,True,True,False
lcdb1000035627,97.936,True,True,False
lcdb1000035629,79.945,True,True,False
lcdb1000035630,96.666,True,True,False
lcdb1000035636,65.124,True,True,False
lcdb1000035639,136.299,True,True,False
lcdb1000035640,49.604,True,True,False
lcdb1000035641,172.384,True,True,False
lcdb1000035647,92.148,True,True,False
lcdb1000035648,94.032,True,True,False
lcdb1000035649,76.112,True,True,False
lcdb1000035651,91.986,True,True,False
lcdb1000035655,61.587,True,True,False
lcdb1000035656,60.395,True,True,False
lcdb1000035658,73.623,True,True,False
lcdb1000035666,20.298,False,True,True
lcdb1000035669,34.454,True,True,False
lcdb1000035671,77.266,True,True,False
lcdb1000035673,89.909,True,True,False
lcdb1000035676,63.649,True,True,False
lcdb1000035677,164.591,True,True,False
lcdb1000035680-part-1,0.001,False,False,False
lcdb1000035680-part-10,1.768,False,False,False
lcdb1000035680-part-100,27.11,False,True,True
lcdb1000035680-part-101,22.541,False,True,True
lcdb1000035680-part-102,13.988,False,False,False
lcdb1000035680-part-103,3.155,False,False,False
lcdb1000035680-part-104,6.403,False,False,False
lcdb1000035680-part-105,68.068,True,True,False
lcdb1000035680-part-106,75.496,True,True,False
lcdb1000035680-part-107,123.958,True,True,False
lcdb1000035680-part-108,674.68,True,True,False
lcdb1000035680-part-109,14.399,False,False,False
lcdb1000035680-part-11,13.917,False,True,True
lcdb1000035680-part-110,2.351,False,False,False
lcdb1000035680-part-111,36.884,True,True,False
lcdb1000035680-part-112,10.183,False,False,False
lcdb1000035680-part-113,6.029,False,False,False
lcdb1000035680-part-114,4.122,False,False,False
lcdb1000035680-part-115,7.523,False,False,False
lcdb1000035680-part-116,36.261,True,True,False
lcdb1000035680-part-117,11.056,False,False,False
lcdb1000035680-part-118,61.506,True,True,False
lcdb1000035680-part-119,99.248,True,True,False
lcdb1000035680-part-12,14.766,False,False,False
lcdb1000035680-part-120,11.783,False,False,False
lcdb1000035680-part-121,12.658,False,False,False
lcdb1000035680-part-122,25.019,False,True,True
lcdb1000035680-part-123,12.669,False,False,False
lcdb1000035680-part-124,748.567,True,True,False
lcdb1000035680-part-125,7.851,False,False,False
lcdb1000035680-part-126,13.436,False,False,False
lcdb1000035680-part-127,1.305,False,False,False
lcdb1000035680-part-128,351.453,True,True,False
lcdb1000035680-part-129,8.345,False,False,False
lcdb1000035680-part-13,49.649,True,True,False
lcdb1000035680-part-130,73.536,True,True,False
lcdb1000035680-part-131,36.274,True,True,False
lcdb1000035680-part-132,29.78,False,True,True
lcdb1000035680-part-133,460.658,True,True,False
lcdb1000035680-part-134,729.668,True,True,False
lcdb1000035680-part-135,288.358,True,True,False
lcdb1000035680-part-136,10.215,False,False,False
lcdb1000035680-part-137,12.855,False,False,False
lcdb1000035680-part-14,0.003,False,False,False
lcdb1000035680-part-15,105.002,True,True,False
lcdb1000035680-part-16,482.56,True,True,False
lcdb1000035680-part-17,237.921,True,True,False
lcdb1000035680-part-18,246.02,True,True,False
lcdb1000035680-part-19,89.507,True,True,False
lcdb1000035680-part-2,0.001,False,False,False
lcdb1000035680-part-20,1.058,False,False,False
lcdb1000035680-part-21,15.745,False,False,False
lcdb1000035680-part-22,20.449,False,True,True
lcdb1000035680-part-23,1.434,False,False,False
lcdb1000035680-part-24,1.435,False,False,False
lcdb1000035680-part-25,78.953,True,True,False
lcdb1000035680-part-26,20.125,False,True,True
lcdb1000035680-part-27,3.448,False,False,False
lcdb1000035680-part-28,394.202,True,True,False
lcdb1000035680-part-29,5.517,False,False,False
lcdb1000035680-part-3,12.157,False,False,False
lcdb1000035680-part-30,11.04,False,False,False
lcdb1000035680-part-31,13.361,False,False,False
lcdb1000035680-part-32,14.667,False,False,False
lcdb1000035680-part-33,29.216,False,True,True
lcdb1000035680-part-34,40.65,True,True,False
lcdb1000035680-part-35,37.578,True,True,False
lcdb1000035680-part-36,57.773,True,True,False
lcdb1000035680-part-37,7.756,False,False,False
lcdb1000035680-part-38,59.063,True,True,False
lcdb1000035680-part-39,94.799,True,True,False
lcdb1000035680-part-4,2.179,False,False,False
lcdb1000035680-part-40,160.865,True,True,False
lcdb1000035680-part-41,0.926,False,False,False
lcdb1000035680-part-42,19.758,False,True,True
lcdb1000035680-part-43,28.486,False,True,True
lcdb1000035680-part-44,108.131,True,True,False
lcdb1000035680-part-45,69.694,True,True,False
lcdb1000035680-part-46,75.926,True,True,False
lcdb1000035680-part-47,1.658,False,False,False
lcdb1000035680-part-48,136.622,True,True,False
lcdb1000035680-part-49,123.707,True,True,False
lcdb1000035680-part-5,4.447,False,False,False
lcdb1000035680-part-50,0.002,False,False,False
lcdb1000035680-part-51,0.0,False,False,False
lcdb1000035680-part-52,5.769,False,False,False
lcdb1000035680-part-53,3.918,False,False,False
lcdb1000035680-part-54,0.002,False,False,False
lcdb1000035680-part-55,0.0,False,False,False
lcdb1000035680-part-56,0.001,False,False,False
lcdb1000035680-part-57,0.002,False,False,False
lcdb1000035680-part-58,130.249,True,True,False
lcdb1000035680-part-59,1.172,False,False,False
lcdb1000035680-part-6,1.573,False,False,False
lcdb1000035680-part-60,18.426,False,True,True
lcdb1000035680-part-61,3.698,False,False,False
lcdb1000035680-part-62,7.258,False,False,False
lcdb1000035680-part-63,466.631,True,True,False
lcdb1000035680-part-64,0.381,False,False,False
lcdb1000035680-part-65,13.939,False,False,False
lcdb1000035680-part-66,58.393,True,True,False
lcdb1000035680-part-67,58.144,True,True,False
lcdb1000035680-part-68,1.255,False,False,False
lcdb1000035680-part-69,1.207,False,False,False
lcdb1000035680-part-7,1.181,False,False,False
lcdb1000035680-part-70,12.712,False,False,False
lcdb1000035680-part-71,5.497,False,False,False
lcdb1000035680-part-72,101.376,True,True,False
lcdb1000035680-part-73,5.03,False,False,False
lcdb1000035680-part-74,23.96,False,True,True
lcdb1000035680-part-75,7.869,False,False,False
lcdb1000035680-part-76,41.441,True,True,False
lcdb1000035680-part-77,36.342,True,True,False
lcdb1000035680-part-78,34.022,True,True,False
lcdb1000035680-part-79,0.0,False,False,False
lcdb1000035680-part-8,0.003,False,False,False
lcdb1000035680-part-80,63.337,True,True,False
lcdb1000035680-part-81,3.891,False,False,False
lcdb1000035680-part-82,0.683,False,False,False
lcdb1000035680-part-83,0.886,False,False,False
lcdb1000035680-part-84,8.985,False,False,False
lcdb1000035680-part-85,65.926,True,True,False
lcdb1000035680-part-86,6.562,False,False,False
lcdb1000035680-part-87,395.268,True,True,False
lcdb1000035680-part-88,1.084,False,False,False
lcdb1000035680-part-89,77.651,True,True,False
lcdb1000035680-part-9,2.699,False,False,False
lcdb1000035680-part-90,1.703,False,False,False
lcdb1000035680-part-91,3.804,False,False,False
lcdb1000035680-part-92,168.656,True,True,False
lcdb1000035680-part-93,2.142,False,False,False
lcdb1000035680-part-94,24.191,False,True,True
lcdb1000035680-part-95,44.869,True,True,False
lcdb1000035680-part-96,11.793,False,False,False
lcdb1000035680-part-97,0.307,False,False,False
lcdb1000035680-part-98,0.981,False,False,False
lcdb1000035680-part-99,24.521,False,True,True
lcdb1000035681,84.837,True,True,False
lcdb1000035684,36.502,True,True,False
lcdb1000035695,98.549,True,True,False
lcdb1000035703,37.729,True,True,False
lcdb1000035705,67.039,True,True,False
lcdb1000035706,88.413,True,True,False
lcdb1000035714,276.395,True,True,False
lcdb1000035715,88.177,True,True,False
lcdb1000035722,58.032,True,True,False
lcdb1000035729,38.382,True,True,False
lcdb1000035734,143.887,True,True,False
lcdb1000035737,107.83,True,True,False
lcdb1000035738,134.114,True,True,False
lcdb1000035740,116.462,True,True,False
lcdb1000035741,55.235,True,True,False
lcdb1000035744,48.003,True,True,False
lcdb1000035745,122.354,True,True,False
lcdb1000035748,68.764,True,True,False
lcdb1000035749,120.105,True,True,False
lcdb1000035755,56.702,True,True,False
lcdb1000035756,111.118,True,True,False
lcdb1000035757,104.425,True,True,False
lcdb1000035762,113.647,True,True,False
lcdb1000035763,139.642,True,True,False
lcdb1000035764,71.759,True,True,False
lcdb1000035766,123.334,True,True,False
lcdb1000035774,23.387,False,True,True
lcdb1000035777,69.485,True,True,False
lcdb1000035779,55.409,True,True,False
lcdb1000035780,86.953,True,True,False
lcdb1000035794,615.768,True,True,False
lcdb1000035798,23.0,False,True,True
lcdb1000035799,7.379,False,False,False
lcdb1000035803,73.179,True,True,False
lcdb1000035805,84.204,True,True,False
lcdb1000035807,55.578,True,True,False
lcdb1000035809,24.319,False,True,True
lcdb1000035812,28.699,False,True,True
lcdb1000035819,36.44,True,True,False
lcdb1000035824,52.031,True,True,False
lcdb1000035829,48.053,True,True,False
lcdb1000035831,58.1,True,True,False
lcdb1000035837,96.127,True,True,False
lcdb1000035838,51.298,True,True,False
lcdb1000035842,33.443,True,True,False
lcdb1000035844,50.694,True,True,False
lcdb1000035852,123.553,True,True,False
lcdb1000035853,45.495,True,True,False
lcdb1000035859,44.194,True,True,False
lcdb1000035865,347.374,True,True,False
lcdb1000035874,48.036,True,True,False
lcdb1000035876,68.478,True,True,False
lcdb1000035885,64.623,True,True,False
lcdb1000035887,46.553,True,True,False
lcdb1000035888,85.82,True,True,False
lcdb1000035889,56.304,True,True,False
lcdb1000035895,452.645,True,True,False
lcdb1000035906,44.678,True,True,False
lcdb1000035921,206.701,True,True,False
lcdb1000035932,97.937,True,True,False
lcdb1000035934,60.815,True,True,False
lcdb1000035935,118.952,True,True,False
lcdb1000035936,74.511,True,True,False
lcdb1000035937,35.376,True,True,False
lcdb1000035940,38.595,True,True,False
lcdb1000035946,91.555,True,True,False
lcdb1000035947,56.58,True,True,False
lcdb1000035951,72.649,True,True,False
lcdb1000035969,46.655,True,True,False
lcdb1000035973,88.377,True,True,False
lcdb1000035977,103.273,True,True,False
lcdb1000035980,450.859,True,True,False
lcdb1000035987,488.151,True,True,False
lcdb1000035992,148.394,True,True,False
lcdb1000035996,183.588,True,True,False
lcdb1000035997,111.668,True,True,False
lcdb1000036000,191.619,True,True,False
lcdb1000036003,42.413,True,True,False
lcdb1000036007,60.214,True,True,False
lcdb1000036008,101.431,True,True,False
lcdb1000036011,146.479,True,True,False
lcdb1000036012,95.724,True,True,False
lcdb1000036016,119.216,True,True,False
lcdb1000036018,33.478,True,True,False
lcdb1000036020,70.427,True,True,False
lcdb1000036023,90.259,True,True,False
lcdb1000036026,95.867,True,True,False
lcdb1000036027,75.44,True,True,False
lcdb1000036032,58.661,True,True,False
lcdb1000036037,243.1,True,True,False
lcdb1000036038,55.395,True,True,False
lcdb1000036039,78.622,True,True,False
lcdb1000036041,49.694,True,True,False
lcdb1000036044,60.118,True,True,False
lcdb1000036047,99.533,True,True,False
lcdb1000036050,123.806,True,True,False
lcdb1000036059,68.207,True,True,False
lcdb1000036061,70.5,True,True,False
lcdb1000036066,40.439,True,True,False
lcdb1000036067,59.031,True,True,False
lcdb1000036068,117.996,True,True,False
lcdb1000036069,50.802,True,True,False
lcdb1000036070,50.679,True,True,False
lcdb1000036072,64.645,True,True,False
lcdb1000036073,86.772,True,True,False
lcdb1000036074,186.351,True,True,False
lcdb1000036078,72.595,True,True,False
lcdb1000036080,59.208,True,True,False
lcdb1000036083,59.707,True,True,False
lcdb1000036084,84.297,True,True,False
lcdb1000036085,84.223,True,True,False
lcdb1000036089,74.696,True,True,False
lcdb1000036091,177.54,True,True,False
lcdb1000036092,56.692,True,True,False
lcdb1000036094,122.921,True,True,False
lcdb1000036097,183.281,True,True,False
lcdb1000036100,37.83,True,True,False
lcdb1000036103,103.797,True,True,False
lcdb1000036108,42.177,True,True,False
lcdb1000036109,53.928,True,True,False
lcdb1000036110,88.382,True,True,False
lcdb1000036112,42.367,True,True,False
lcdb1000036113,133.696,True,True,False
lcdb1000036116,61.069,True,True,False
lcdb1000036118,97.22,True,True,False
lcdb1000036124,62.33,True,True,False
lcdb1000036131,418.583,True,True,False
lcdb1000036132,38.436,True,True,False
lcdb1000036135,70.827,True,True,False
lcdb1000036138,94.159,True,True,False
lcdb1000036143,55.018,True,True,False
lcdb1000036145,104.821,True,True,False
lcdb1000036149,102.932,True,True,False
lcdb1000036150,85.432,True,True,False
lcdb1000036151,90.07,True,True,False
lcdb1000036155,55.792,True,True,False
lcdb1000036161,80.112,True,True,False
lcdb1000036166,39.544,True,True,False
lcdb1000036167,56.804,True,True,False
lcdb1000036168,53.818,True,True,False
lcdb1000036169,27.096,False,True,True
lcdb1000036172,36.337,True,True,False
lcdb1000036174,62.788,True,True,False
lcdb1000036179,76.389,True,True,False
lcdb1000036183,61.112,True,True,False
lcdb1000036186,150.979,True,True,False
lcdb1000036189,144.671,True,True,False
lcdb1000036194,33.343,True,True,False
lcdb1000036197,54.779,True,True,False
lcdb1000036198,34.994,True,True,False
lcdb1000036199,83.462,True,True,False
lcdb1000036212,204.261,True,True,False
lcdb1000036213,33.763,True,True,False
lcdb1000036216,192.493,True,True,False
lcdb1000036217,28.568,False,True,True
lcdb1000036218,118.672,True,True,False
lcdb1000036220,76.074,True,True,False
lcdb1000036222,43.732,True,True,False
lcdb1000036228,101.806,True,True,False
lcdb1000036233,119.906,True,True,False
lcdb1000036237,51.451,True,True,False
lcdb1000036241,99.674,True,True,False
lcdb1000036245,46.177,True,True,False
lcdb1000036246,332.889,True,True,False
lcdb1000036251,72.2,True,True,False
lcdb1000036252,240.953,True,True,False
lcdb1000036253,51.598,True,True,False
lcdb1000036257,42.07,True,True,False
lcdb1000036258,38.958,True,True,False
lcdb1000036272,43.186,True,True,False
lcdb1000036279,34.817,True,True,False
lcdb1000036285,114.119,True,True,False
lcdb1000036286,56.707,True,True,False
lcdb1000036287,244.035,True,True,False
lcdb1000036288,123.338,True,True,False
lcdb1000036290,46.298,True,True,False
lcdb1000036294,219.232,True,True,False
lcdb1000036296,35.871,True,True,False
lcdb1000036304,329.172,True,True,False
lcdb1000036307,203.355,True,True,False
lcdb1000036309,82.898,True,True,False
lcdb1000036310,34.248,True,True,False
lcdb1000036314,94.232,True,True,False
lcdb1000036317,269.762,True,True,False
lcdb1000036320,112.639,True,True,False
lcdb1000036323,66.57,True,True,False
lcdb1000036326,67.439,True,True,False
lcdb1000036330,133.924,True,True,False
lcdb1000036331,74.237,True,True,False
lcdb1000036332,117.126,True,True,False
lcdb1000036335,78.689,True,True,False
lcdb1000036338,61.633,True,True,False
lcdb1000036341,70.247,True,True,False
lcdb1000036346,117.266,True,True,False
lcdb1000036347,99.626,True,True,False
lcdb1000036350,69.178,True,True,False
lcdb1000036352,66.87,True,True,False
lcdb1000036355,128.925,True,True,False
lcdb1000036358,62.725,True,True,False
lcdb1000036359,103.788,True,True,False
lcdb1000036361,163.654,True,True,False
lcdb1000036365,99.795,True,True,False
lcdb1000036368,127.396,True,True,False
lcdb1000036371,169.103,True,True,False
lcdb1000036374,90.723,True,True,False
lcdb1000036376,161.663,True,True,False
lcdb1000036378,152.034,True,True,False
lcdb1000036381,53.242,True,True,False
lcdb1000036386,47.708,True,True,False
lcdb1000036387,145.596,True,True,False
lcdb1000036388,54.992,True,True,False
lcdb1000036393,93.163,True,True,False
lcdb1000036394,146.378,True,True,False
lcdb1000036396,61.435,True,True,False
lcdb1000036397,115.429,True,True,False
lcdb1000036398,55.533,True,True,False
lcdb1000036400,88.913,True,True,False
lcdb1000036405,92.224,True,True,False
lcdb1000036407,23.148,False,True,True
lcdb1000036408,59.3,True,True,False
lcdb1000036410,32.959,True,True,False
lcdb1000036412,310.49,True,True,False
lcdb1000036413,237.34,True,True,False
lcdb1000036415,210.112,True,True,False
lcdb1000036416,24.415,False,True,True
lcdb1000036420,485.752,True,True,False
lcdb1000036421,95.61,True,True,False
lcdb1000036423,61.31,True,True,False
lcdb1000036425,131.162,True,True,False
lcdb1000036426,233.842,True,True,False
lcdb1000036429,70.746,True,True,False
lcdb1000036431,74.605,True,True,False
lcdb1000036437,212.449,True,True,False
lcdb1000036441,66.422,True,True,False
lcdb1000036442,106.048,True,True,False
lcdb1000036443,44.166,True,True,False
lcdb1000036444,65.459,True,True,False
lcdb1000036451,133.999,True,True,False
lcdb1000036453,261.434,True,True,False
lcdb1000036456,157.727,True,True,False
lcdb1000036458,336.479,True,True,False
lcdb1000036464,233.589,True,True,False
lcdb1000036471,41.593,True,True,False
lcdb1000036478,103.227,True,True,False
lcdb1000036487,58.777,True,True,False
lcdb1000036489,214.546,True,True,False
lcdb1000036493,190.078,True,True,False
lcdb1000036494,274.193,True,True,False
lcdb1000036495,68.824,True,True,False
lcdb1000036503,591.14,True,True,False
lcdb1000036506,225.743,True,True,False
lcdb1000036507,261.588,True,True,False
lcdb1000036510,71.235,True,True,False
lcdb1000036516,48.991,True,True,False
lcdb1000036517,91.342,True,True,False
lcdb1000036522,100.683,True,True,False
lcdb1000036523,64.292,True,True,False
lcdb1000036524,71.056,True,True,False
lcdb1000036525,59.213,True,True,False
lcdb1000036527,251.352,True,True,False
lcdb1000036533,199.797,True,True,False
lcdb1000036534,338.153,True,True,False
lcdb1000036536,100.724,True,True,False
lcdb1000036539,118.416,True,True,False
lcdb1000036545,127.969,True,True,False
lcdb1000036546,135.064,True,True,False
lcdb1000036547,157.776,True,True,False
lcdb1000036551,67.923,True,True,False
lcdb1000036554,64.831,True,True,False
lcdb1000036556,78.535,True,True,False
lcdb1000036557,111.872,True,True,False
lcdb1000036559,96.804,True,True,False
lcdb1000036560,85.53,True,True,False
lcdb1000036561,75.356,True,True,False
lcdb1000036569,149.945,True,True,False
lcdb1000036573,56.988,True,True,False
lcdb1000036590,58.734,True,True,False
lcdb1000036592,84.308,True,True,False
lcdb1000036597,272.964,True,True,False
lcdb1000036602,90.116,True,True,False
lcdb1000036603,64.776,True,True,False
lcdb1000036604,67.33,True,True,False
lcdb1000036606,83.397,True,True,False
lcdb1000036613,164.422,True,True,False
lcdb1000036616,65.98,True,True,False
lcdb1000036617,36.77,True,True,False
lcdb1000036627,41.833,True,True,False
lcdb1000036629,167.593,True,True,False
lcdb1000036632,278.533,True,True,False
lcdb1000036642,77.897,True,True,False
lcdb1000036645,55.73,True,True,False
lcdb1000036648,80.358,True,True,False
lcdb1000036649,127.54,True,True,False
lcdb1000036655,57.698,True,True,False
lcdb1000036663,29.874,False,True,True
lcdb1000036665,232.955,True,True,False
lcdb1000036666,83.41,True,True,False
lcdb1000036668,110.742,True,True,False
lcdb1000036675,116.925,True,True,False
lcdb1000036677,70.33,True,True,False
lcdb1000036678,70.205,True,True,False
lcdb1000036679,97.057,True,True,False
lcdb1000036685,59.888,True,True,False
lcdb1000036686,64.15,True,True,False
lcdb1000036690,66.525,True,True,False
lcdb1000036692,63.314,True,True,False
lcdb1000036695,67.073,True,True,False
lcdb1000036698,61.151,True,True,False
lcdb1000036699,105.065,True,True,False
lcdb1000036700,58.373,True,True,False
lcdb1000036702,64.839,True,True,False
lcdb1000036704,69.786,True,True,False
lcdb1000036705,78.768,True,True,False
lcdb1000036707,61.349,True,True,False
lcdb1000036712,69.547,True,True,False
lcdb1000036713,49.66,True,True,False
lcdb1000036716,105.286,True,True,False
lcdb1000036725,37.741,True,True,False
lcdb1000036726,74.051,True,True,False
lcdb1000036730,241.239,True,True,False
lcdb1000036735,39.69,True,True,False
lcdb1000036736,99.529,True,True,False
lcdb1000036737,79.048,True,True,False
lcdb1000036738,225.367,True,True,False
lcdb1000036748,218.418,True,True,False
lcdb1000036754,98.166,True,True,False
lcdb1000036755,106.346,True,True,False
lcdb1000036759,70.127,True,True,False
lcdb1000036764,62.498,True,True,False
lcdb1000036775,41.211,True,True,False
lcdb1000036781,100.698,True,True,False
lcdb1000036792,75.959,True,True,False
lcdb1000036795,234.093,True,True,False
lcdb1000036796,67.843,True,True,False
lcdb1000036800,20.229,False,True,True
lcdb1000036809,37.806,True,True,False
lcdb1000036818,47.146,True,True,False
lcdb1000036821,48.492,True,True,False
lcdb1000036822,100.456,True,True,False
lcdb1000036824,48.947,True,True,False
lcdb1000036826,104.818,True,True,False
lcdb1000036829,25.428,False,True,True
lcdb1000036831,332.713,True,True,False
lcdb1000036834,66.194,True,True,False
lcdb1000036835,130.554,True,True,False
lcdb1000036837,28.447,False,True,True
lcdb1000036841,37.558,True,True,False
lcdb1000036846,64.326,True,True,False
lcdb1000036847,65.687,True,True,False
lcdb1000036848,55.623,True,True,False
lcdb1000036854,227.383,True,True,False
lcdb1000036856,94.539,True,True,False
lcdb1000036860,128.163,True,True,False
lcdb1000036864,229.906,True,True,False
lcdb1000036866,47.479,True,True,False
lcdb1000036867,44.206,True,True,False
lcdb1000036868,472.8,True,True,False
lcdb1000036872,154.776,True,True,False
lcdb1000036873,65.625,True,True,False
lcdb1000036874,65.86,True,True,False
lcdb1000036875,33.318,True,True,False
lcdb1000036878,56.127,True,True,False
lcdb1000036883,67.302,True,True,False
lcdb1000036884,194.172,True,True,False
lcdb1000036885,59.119,True,True,False
lcdb1000036890,171.151,True,True,False
lcdb1000036891,96.414,True,True,False
lcdb1000036892,308.343,True,True,False
lcdb1000036896,189.497,True,True,False
lcdb1000036897,212.508,True,True,False
lcdb1000036911,44.631,True,True,False
lcdb1000036916,53.599,True,True,False
lcdb1000036918,63.358,True,True,False
lcdb1000036920,68.938,True,True,False
lcdb1000036922,433.327,True,True,False
lcdb1000036923,40.441,True,True,False
lcdb1000036931,81.735,True,True,False
lcdb1000036932,265.858,True,True,False
lcdb1000036933,126.758,True,True,False
lcdb1000036937,151.563,True,True,False
lcdb1000036940,335.053,True,True,False
lcdb1000036956,382.631,True,True,False
lcdb1000036961,59.157,True,True,False
lcdb1000036963,268.318,True,True,False
lcdb1000036965,114.808,True,True,False
lcdb1000036970,438.469,True,True,False
lcdb1000036975,101.134,True,True,False
lcdb1000036977,38.02,True,True,False
lcdb1000036990,190.776,True,True,False
lcdb1000037003,66.51,True,True,False
lcdb1000037011,251.543,True,True,False
lcdb1000037035,317.862,True,True,False
lcdb1000037040,247.607,True,True,False
lcdb1000037048,100.273,True,True,False
lcdb1000037050,108.798,True,True,False
lcdb1000037053,112.219,True,True,False
lcdb1000037054,120.77,True,True,False
lcdb1000037060,159.664,True,True,False
lcdb1000037062,35.873,True,True,False
lcdb1000037065,31.411,True,True,False
lcdb1000037069,62.246,True,True,False
lcdb1000037070,25.682,False,True,True
lcdb1000037072,51.685,True,True,False
lcdb1000037073,120.787,True,True,False
lcdb1000037080,104.426,True,True,False
lcdb1000037085,58.631,True,True,False
lcdb1000037086,149.928,True,True,False
lcdb1000037087,103.351,True,True,False
lcdb1000037088,127.012,True,True,False
lcdb1000037092,22.537,False,True,True
lcdb1000037093,60.381,True,True,False
lcdb1000037094,29.38,False,True,True
lcdb1000037096,105.445,True,True,False
lcdb1000037097,29.881,False,True,True
lcdb1000037098,138.974,True,True,False
lcdb1000037100,50.72,True,True,False
lcdb1000037101,65.798,True,True,False
lcdb1000037102,79.455,True,True,False
lcdb1000037104,159.781,True,True,False
lcdb1000037105,198.441,True,True,False
lcdb1000037106,83.414,True,True,False
lcdb1000037107,227.136,True,True,False
lcdb1000037108,81.138,True,True,False
lcdb1000037113,66.366,True,True,False
lcdb1000037115,83.766,True,True,False
lcdb1000037119,41.171,True,True,False
lcdb1000037120,83.656,True,True,False
lcdb1000037121,168.727,True,True,False
lcdb1000037122,94.768,True,True,False
lcdb1000037123,29.508,False,True,True
lcdb1000037124,127.368,True,True,False
lcdb1000037126,183.526,True,True,False
lcdb1000037127,42.825,True,True,False
lcdb1000037128,64.917,True,True,False
lcdb1000037129,102.389,True,True,False
lcdb1000037133,115.898,True,True,False
lcdb1000037135,81.839,True,True,False
lcdb1000037136,146.903,True,True,False
lcdb1000037148,75.147,True,True,False
lcdb1000037156,119.186,True,True,False
lcdb1000037158,205.777,True,True,False
lcdb1000037169,52.085,True,True,False
lcdb1000037176,28.023,False,True,True
lcdb1000037177,107.679,True,True,False
lcdb1000037180,103.99,True,True,False
lcdb1000037184,104.897,True,True,False
lcdb1000037188,82.779,True,True,False
lcdb1000037192,65.904,True,True,False
lcdb1000037195,124.158,True,True,False
lcdb1000037199,127.322,True,True,False
lcdb1000037200,180.629,True,True,False
lcdb1000037203-part-1,196.137,True,True,False
lcdb1000037203-part-2,54.162,True,True,False
lcdb1000037203-part-3,4.902,False,False,False
lcdb1000040418,62.845,True,True,False
lcdb1000040422,37.498,True,True,False
lcdb1000040457,105.74,True,True,False
lcdb1000040462,89.387,True,True,False
lcdb1000040463,105.584,True,True,False
lcdb1000040471,73.267,True,True,False
lcdb1000040476,27.806,False,True,True
lcdb1000040479,78.229,True,True,False
lcdb1000040482,31.209,True,True,False
lcdb1000040486,29.757,False,True,True
lcdb1000040493,114.123,True,True,False
lcdb1000040513,71.732,True,True,False
lcdb1000040608,86.028,True,True,False
lcdb1000040616,39.416,True,True,False
lcdb1000040667,261.395,True,True,False
lcdb1000040740,138.084,True,True,False
lcdb1000040755,93.385,True,True,False
lcdb1000040787,74.701,True,True,False
lcdb1000040810,96.348,True,True,False
lcdb1000041006,90.784,True,True,False
lcdb1000041152,210.559,True,True,False
lcdb1000041163,112.815,True,True,False
lcdb1000041167,96.963,True,True,False
lcdb1000041173,79.592,True,True,False
lcdb1000041190,758.47,True,True,False
lcdb1000041200,133.682,True,True,False
lcdb1000041222,49.471,True,True,False
lcdb1000041226,113.051,True,True,False
lcdb1000041229,78.811,True,True,False
lcdb1000041232,45.402,True,True,False
lcdb1000041255,133.268,True,True,False
lcdb1000041259,37.702,True,True,False
lcdb1000041262,186.163,True,True,False
lcdb1000041263,220.603,True,True,False
lcdb1000041327,103.359,True,True,False
lcdb1000041336,101.719,True,True,False
lcdb1000041345,69.236,True,True,False
lcdb1000042649,144.956,True,True,False
lcdb1000042650,50.67,True,True,False
lcdb1000042652,63.147,True,True,False
lcdb1000043169,96.356,True,True,False
lcdb1000043182,25.884,False,True,True
lcdb1000043193,105.311,True,True,False
lcdb1000043194,106.305,True,True,False
lcdb1000043961,55.877,True,True,False
lcdb1000044266,81.407,True,True,False
lcdb1000044268,67.097,True,True,False
lcdb1000044278,51.465,True,True,False
lcdb1000044279,43.928,True,True,False
lcdb1000046478,90.125,True,True,False
lcdb1000046486,52.35,True,True,False
lcdb1000046531,28.842,False,True,True
lcdb1000046532,45.297,True,True,False
lcdb1000046533,34.483,True,True,False
lcdb1000046536,155.813,True,True,False
lcdb1000046576,59.648,True,True,False
lcdb1000046657,109.18,True,True,False
lcdb1000046659,59.013,True,True,False
lcdb1000046885,61.754,True,True,False
lcdb1000047433,42.861,True,True,False
lcdb1000052157,160.611,True,True,False
lcdb1000054403,25.078,False,True,True
lcdb1000054404,124.015,True,True,False
lcdb1000056848-part-1,6.449,False,False,False
lcdb1000056848-part-2,521.776,True,True,False
lcdb1000056857,154.605,True,True,False
lcdb1000056880,51.129,True,True,False
lcdb1000056923,0.501,False,False,False
lcdb1000056939,42.651,True,True,False
lcdb1000056955,70.877,True,True,False
lcdb1000056959,61.021,True,True,False
lcdb1000056967,66.301,True,True,False
lcdb1000056975,53.163,True,True,False
lcdb1000056977,59.884,True,True,False
lcdb1000056986,53.481,True,True,False
lcdb1000056995,55.347,True,True,False
lcdb1000057001,60.131,True,True,False
lcdb1000057026,86.237,True,True,False
lcdb1000057027,46.764,True,True,False
lcdb1000057052,101.2,True,True,False
lcdb1000057053,90.729,True,True,False
lcdb1000057066,60.516,True,True,False
lcdb1000057101,50.77,True,True,False
lcdb1000057124,63.036,True,True,False
lcdb1000057137,63.28,True,True,False
lcdb1000057165,73.825,True,True,False
lcdb1000057185,72.651,True,True,False
lcdb1000057216,24.283,False,True,True
lcdb1000057218,0.201,False,False,False
lcdb1000057224,246.616,True,True,False
lcdb1000057257,77.54,True,True,False
lcdb1000057284,70.972,True,True,False
lcdb1000057288,30.142,True,True,False
lcdb1000057291,69.6,True,True,False
lcdb1000057297,66.395,True,True,False
lcdb1000057302,28.516,False,True,True
lcdb1000057322,54.967,True,True,False
lcdb1000057326,62.716,True,True,False
lcdb1000057328,50.842,True,True,False
lcdb1000057329,59.569,True,True,False
lcdb1000057331,28.475,False,True,True
lcdb1000057332,25.232,False,True,True
lcdb1000057336,30.214,True,True,False
lcdb1000057350,45.931,True,True,False
lcdb1000057355,59.046,True,True,False
lcdb1000057420,38.487,True,True,False
lcdb1000057450,54.358,True,True,False
lcdb1000057457,63.988,True,True,False
lcdb1000057458,60.823,True,True,False
lcdb1000057470,68.672,True,True,False
lcdb1000057472,162.09,True,True,False
lcdb1000057476,106.106,True,True,False
lcdb1000057481,49.484,True,True,False
lcdb1000057484,215.459,True,True,False
lcdb1000057517,66.982,True,True,False
lcdb1000057545,133.686,True,True,False
lcdb1000057578,117.484,True,True,False
lcdb1000057579,44.505,True,True,False
lcdb1000057580,75.899,True,True,False
lcdb1000057587,114.248,True,True,False
lcdb1000057588,49.518,True,True,False
lcdb1000057593,102.994,True,True,False
lcdb1000057594,41.072,True,True,False
lcdb1000057595,28.641,False,True,True
lcdb1000057596,100.524,True,True,False
lcdb1000057598,116.786,True,True,False
lcdb1000057600,62.927,True,True,False
lcdb1000057602,82.834,True,True,False
lcdb1000057606,72.146,True,True,False
lcdb1000057607,104.98,True,True,False
lcdb1000057610,111.138,True,True,False
lcdb1000057623,47.959,True,True,False
lcdb1000057624,164.775,True,True,False
lcdb1000057631,54.011,True,True,False
lcdb1000057632,31.704,True,True,False
lcdb1000057638,47.123,True,True,False
lcdb1000057642,198.997,True,True,False
lcdb1000057644,55.048,True,True,False
lcdb1000057645,103.276,True,True,False
lcdb1000057646,65.729,True,True,False
lcdb1000057650,189.296,True,True,False
lcdb1000057651,51.065,True,True,False
lcdb1000057652,55.322,True,True,False
lcdb1000057654,63.945,True,True,False
lcdb1000057655,54.522,True,True,False
lcdb1000057658,41.087,True,True,False
lcdb1000057661,94.932,True,True,False
lcdb1000057662,80.961,True,True,False
lcdb1000057663,77.048,True,True,False
lcdb1000057664,23.889,False,True,True
lcdb1000057665,49.544,True,True,False
lcdb1000057666,50.589,True,True,False
lcdb1000057667,44.795,True,True,False
lcdb1000057668,48.442,True,True,False
lcdb1000057669,31.86,True,True,False
lcdb1000057671,194.444,True,True,False
lcdb1000057673,49.636,True,True,False
lcdb1000057674,42.34,True,True,False
lcdb1000057676,52.641,True,True,False
lcdb1000057677,72.792,True,True,False
lcdb1000057678,80.882,True,True,False
lcdb1000057679,66.644,True,True,False
lcdb1000057681,56.751,True,True,False
lcdb1000057682,36.149,True,True,False
lcdb1000057686,56.282,True,True,False
lcdb1000057687,183.94,True,True,False
lcdb1000057691,39.285,True,True,False
lcdb1000057692,39.048,True,True,False
lcdb1000057693,48.489,True,True,False
lcdb1000057694,39.811,True,True,False
lcdb1000057699,50.032,True,True,False
lcdb1000057700,96.248,True,True,False
lcdb1000057701,100.367,True,True,False
lcdb1000057702,71.544,True,True,False
lcdb1000057704,51.29,True,True,False
lcdb1000057705,58.652,True,True,False
lcdb1000057706,76.345,True,True,False
lcdb1000057707,58.524,True,True,False
lcdb1000057708,68.707,True,True,False
lcdb1000057712,64.306,True,True,False
lcdb1000057716,61.171,True,True,False
lcdb1000057717,57.371,True,True,False
lcdb1000057718,62.584,True,True,False
lcdb1000057719,143.567,True,True,False
lcdb1000057720,45.488,True,True,False
lcdb1000057721,33.454,True,True,False
lcdb1000057722,55.701,True,True,False
lcdb1000057723,96.331,True,True,False
lcdb1000057725,54.526,True,True,False
lcdb1000057726,56.866,True,True,False
lcdb1000057728,121.249,True,True,False
lcdb1000057729,186.61,True,True,False
lcdb1000057731,174.299,True,True,False
lcdb1000057732,196.168,True,True,False
lcdb1000057735,164.948,True,True,False
lcdb1000057736,61.95,True,True,False
lcdb1000057737,53.2,True,True,False
lcdb1000057739,64.077,True,True,False
lcdb1000057740,46.14,True,True,False
lcdb1000057743,54.962,True,True,False
lcdb1000057744,78.063,True,True,False
lcdb1000057745,59.637,True,True,False
lcdb1000057748,122.623,True,True,False
lcdb1000057755,27.06,False,True,True
lcdb1000057757,60.569,True,True,False
lcdb1000057760,34.844,True,True,False
lcdb1000057761,30.329,True,True,False
lcdb1000057766,56.122,True,True,False
lcdb1000057767,67.987,True,True,False
lcdb1000057769,62.149,True,True,False
lcdb1000057771,64.768,True,True,False
lcdb1000057781,66.229,True,True,False
lcdb1000057794,67.087,True,True,False
lcdb1000057795,41.07,True,True,False
lcdb1000057796,50.225,True,True,False
lcdb1000057798,101.291,True,True,False
lcdb1000057801,53.122,True,True,False
lcdb1000057804,49.794,True,True,False
lcdb1000057806,97.216,True,True,False
lcdb1000057807,42.809,True,True,False
lcdb1000057808,32.284,True,True,False
lcdb1000057809,67.535,True,True,False
lcdb1000057810,96.702,True,True,False
lcdb1000057811,55.093,True,True,False
lcdb1000057812,23.063,False,True,True
lcdb1000057813,105.932,True,True,False
lcdb1000057814,39.987,True,True,False
lcdb1000057815,41.713,True,True,False
lcdb1000057816,71.703,True,True,False
lcdb1000057818,60.662,True,True,False
lcdb1000057819,36.926,True,True,False
lcdb1000057820,78.358,True,True,False
lcdb1000057822,119.298,True,True,False
lcdb1000057823,68.918,True,True,False
lcdb1000057824,101.672,True,True,False
lcdb1000057825,34.707,True,True,False
lcdb1000057826,52.509,True,True,False
lcdb1000057827,32.139,True,True,False
lcdb1000057828,38.736,True,True,False
lcdb1000057829,129.178,True,True,False
lcdb1000057833,63.445,True,True,False
lcdb1000057834,50.664,True,True,False
lcdb1000057836,86.077,True,True,False
lcdb1000057837,116.482,True,True,False
lcdb1000057838,78.01,True,True,False
lcdb1000057839,85.079,True,True,False
lcdb1000057840,70.728,True,True,False
lcdb1000057841,94.717,True,True,False
lcdb1000057842,96.051,True,True,False
lcdb1000057843,75.864,True,True,False
lcdb1000057844,66.133,True,True,False
lcdb1000057845,72.314,True,True,False
lcdb1000057847,61.405,True,True,False
lcdb1000057848,77.67,True,True,False
lcdb1000057849,88.419,True,True,False
lcdb1000057850,71.673,True,True,False
lcdb1000057851,73.985,True,True,False
lcdb1000057856,61.746,True,True,False
lcdb1000057857,58.663,True,True,False
lcdb1000057858,60.08,True,True,False
lcdb1000057863,43.999,True,True,False
lcdb1000057864,97.464,True,True,False
lcdb1000057865,58.145,True,True,False
lcdb1000057867,48.913,True,True,False
lcdb1000057869,53.43,True,True,False
lcdb1000057871,62.784,True,True,False
lcdb1000057872,36.976,True,True,False
lcdb1000057873,62.385,True,True,False
lcdb1000057874,55.388,True,True,False
lcdb1000057876,169.458,True,True,False
lcdb1000057877,42.881,True,True,False
lcdb1000057878,51.692,True,True,False
lcdb1000057879,43.154,True,True,False
lcdb1000057880,56.738,True,True,False
lcdb1000057881,91.843,True,True,False
lcdb1000057882,64.273,True,True,False
lcdb1000057884,46.97,True,True,False
lcdb1000057886,32.557,True,True,False
lcdb1000057890,59.989,True,True,False
lcdb1000057891,26.591,False,True,True
lcdb1000057892,99.697,True,True,False
lcdb1000057893,57.301,True,True,False
lcdb1000057894,50.9,True,True,False
lcdb1000057898,81.19,True,True,False
lcdb1000057901,80.327,True,True,False
lcdb1000057903,52.198,True,True,False
lcdb1000057907,45.59,True,True,False
lcdb1000057908,65.905,True,True,False
lcdb1000057912,159.185,True,True,False
lcdb1000057916,75.371,True,True,False
lcdb1000057920,72.312,True,True,False
lcdb1000057921,80.406,True,True,False
lcdb1000057922,69.843,True,True,False
lcdb1000057923,56.946,True,True,False
lcdb1000057924,44.872,True,True,False
lcdb1000057925,234.994,True,True,False
lcdb1000057928,124.603,True,True,False
lcdb1000057931,123.736,True,True,False
lcdb1000057938,90.907,True,True,False
lcdb1000057957,63.885,True,True,False
lcdb1000057958,56.76,True,True,False
lcdb1000057960,155.341,True,True,False
lcdb1000057962,55.623,True,True,False
lcdb1000057964,26.297,False,True,True
lcdb1000057967,46.003,True,True,False
lcdb1000057968,159.184,True,True,False
lcdb1000057970,133.807,True,True,False
lcdb1000057972,63.869,True,True,False
lcdb1000057983,102.782,True,True,False
lcdb1000057989,36.689,True,True,False
lcdb1000057996,55.288,True,True,False
lcdb1000057998,64.684,True,True,False
lcdb1000057999,64.371,True,True,False
lcdb1000058000,47.108,True,True,False
lcdb1000058001,49.997,True,True,False
lcdb1000058002,25.009,False,True,True
lcdb1000058003,59.299,True,True,False
lcdb1000058004,65.529,True,True,False
lcdb1000058007,64.923,True,True,False
lcdb1000058009,86.285,True,True,False
lcdb1000058013,61.312,True,True,False
lcdb1000058015,78.868,True,True,False
lcdb1000058018,132.778,True,True,False
lcdb1000058022,47.402,True,True,False
lcdb1000058024,83.266,True,True,False
lcdb1000058025,66.946,True,True,False
lcdb1000058027,62.94,True,True,False
lcdb1000058028,53.093,True,True,False
lcdb1000058030,79.6,True,True,False
lcdb1000058031,42.834,True,True,False
lcdb1000058032,72.725,True,True,False
lcdb1000058033,73.59,True,True,False
lcdb1000058034,82.021,True,True,False
lcdb1000058037,37.452,True,True,False
lcdb1000058040,85.715,True,True,False
lcdb1000058044,52.989,True,True,False
lcdb1000058046-part-1,89.476,True,True,False
lcdb1000058046-part-2,33.363,True,True,False
lcdb1000058047,60.098,True,True,False
lcdb1000058049,114.566,True,True,False
lcdb1000058050,62.931,True,True,False
lcdb1000058052,69.539,True,True,False
lcdb1000058053,28.092,False,True,True
lcdb1000058054,43.521,True,True,False
lcdb1000058055,68.463,True,True,False
lcdb1000058058,62.611,True,True,False
lcdb1000058059,51.647,True,True,False
lcdb1000058060,10.618,False,False,False
lcdb1000058066,66.53,True,True,False
lcdb1000058071,73.002,True,True,False
lcdb1000058074,56.864,True,True,False
lcdb1000058075,49.772,True,True,False
lcdb1000058076,52.817,True,True,False
lcdb1000058077,64.474,True,True,False
lcdb1000058078,72.183,True,True,False
lcdb1000058081,60.332,True,True,False
lcdb1000058082,71.042,True,True,False
lcdb1000058083,60.571,True,True,False
lcdb1000058084,48.927,True,True,False
lcdb1000058085,295.637,True,True,False
lcdb1000058086,50.97,True,True,False
lcdb1000058087,144.882,True,True,False
lcdb1000058089,143.747,True,True,False
lcdb1000058092,32.225,True,True,False
lcdb1000058094,48.198,True,True,False
lcdb1000058105,41.574,True,True,False
lcdb1000058107,35.723,True,True,False
lcdb1000058112,54.327,True,True,False
lcdb1000058113,91.973,True,True,False
lcdb1000058114,30.905,True,True,False
lcdb1000058115,32.112,True,True,False
lcdb1000058123,103.357,True,True,False
lcdb1000058132,170.012,True,True,False
lcdb1000058134,49.443,True,True,False
lcdb1000058135,72.443,True,True,False
lcdb1000058136,63.27,True,True,False
lcdb1000058138,113.012,True,True,False
lcdb1000058139,76.213,True,True,False
lcdb1000058140,91.519,True,True,False
lcdb1000058142,110.9,True,True,False
lcdb1000058145,70.287,True,True,False
lcdb1000058151,31.078,True,True,False
lcdb1000058153,34.812,True,True,False
lcdb1000058159,53.964,True,True,False
lcdb1000058162,62.727,True,True,False
lcdb1000058169,71.784,True,True,False
lcdb1000058173,203.917,True,True,False
lcdb1000058175,166.895,True,True,False
lcdb1000058177,157.312,True,True,False
lcdb1000058178,35.701,True,True,False
lcdb1000058179,36.705,True,True,False
lcdb1000058180,44.956,True,True,False
lcdb1000058182,203.294,True,True,False
lcdb1000058183,142.344,True,True,False
lcdb1000058188,66.994,True,True,False
lcdb1000058190,181.783,True,True,False
lcdb1000058193,28.673,False,True,True
lcdb1000058194,40.515,True,True,False
lcdb1000058199,52.729,True,True,False
lcdb1000058200,62.45,True,True,False
lcdb1000058201,110.239,True,True,False
lcdb1000058206,81.195,True,True,False
lcdb1000058208,72.28,True,True,False
lcdb1000058210,140.281,True,True,False
lcdb1000058211,74.978,True,True,False
lcdb1000058213,82.801,True,True,False
lcdb1000058214,107.26,True,True,False
lcdb1000058217,120.918,True,True,False
lcdb1000058219,129.182,True,True,False
lcdb1000058222,59.571,True,True,False
lcdb1000058225,137.977,True,True,False
lcdb1000058226,174.381,True,True,False
lcdb1000058228,141.754,True,True,False
lcdb1000058230,112.334,True,True,False
lcdb1000058235,63.807,True,True,False
lcdb1000058237,92.006,True,True,False
lcdb1000058238,70.754,True,True,False
lcdb1000058239,61.274,True,True,False
lcdb1000058240,50.731,True,True,False
lcdb1000058246,33.341,True,True,False
lcdb1000058247,66.769,True,True,False
lcdb1000058254,67.465,True,True,False
lcdb1000058255,112.453,True,True,False
lcdb1000058256,57.108,True,True,False
lcdb1000058257,77.814,True,True,False
lcdb1000058258,95.081,True,True,False
lcdb1000058259,75.564,True,True,False
lcdb1000058260,83.555,True,True,False
lcdb1000058261,63.131,True,True,False
lcdb1000058262,68.059,True,True,False
lcdb1000058263,81.523,True,True,False
lcdb1000058264,74.344,True,True,False
lcdb1000058265,61.359,True,True,False
lcdb1000058268,67.492,True,True,False
lcdb1000058275,68.902,True,True,False
lcdb1000058276,74.203,True,True,False
lcdb1000058285,75.703,True,True,False
lcdb1000058291,48.024,True,True,False
lcdb1000058292,40.159,True,True,False
lcdb1000058296,111.662,True,True,False
lcdb1000058297,57.183,True,True,False
lcdb1000058298,56.575,True,True,False
lcdb1000058299,91.181,True,True,False
lcdb1000058303,98.969,True,True,False
lcdb1000058305,132.083,True,True,False
lcdb1000058308,75.764,True,True,False
lcdb1000058309,95.281,True,True,False
lcdb1000058310,76.936,True,True,False
lcdb1000058313,78.677,True,True,False
lcdb1000058314,60.883,True,True,False
lcdb1000058316,117.389,True,True,False
lcdb1000058318,72.508,True,True,False
lcdb1000058319,114.648,True,True,False
lcdb1000058322,92.141,True,True,False
lcdb1000058323,320.586,True,True,False
lcdb1000058325,55.308,True,True,False
lcdb1000058327,49.344,True,True,False
lcdb1000058329,70.755,True,True,False
lcdb1000058330,71.698,True,True,False
lcdb1000058332,80.884,True,True,False
lcdb1000058333,54.086,True,True,False
lcdb1000058336,48.601,True,True,False
lcdb1000058339,59.764,True,True,False
lcdb1000058340,376.955,True,True,False
lcdb1000058341,285.868,True,True,False
lcdb1000058348,70.918,True,True,False
lcdb1000058349,74.414,True,True,False
lcdb1000058350,62.252,True,True,False
lcdb1000058351,115.832,True,True,False
lcdb1000058353,80.264,True,True,False
lcdb1000058357,59.655,True,True,False
lcdb1000058358,164.761,True,True,False
lcdb1000058360,67.639,True,True,False
lcdb1000058361,22.703,False,True,True
lcdb1000058362,370.441,True,True,False
lcdb1000058363,91.533,True,True,False
lcdb1000058365,83.132,True,True,False
lcdb1000058366,74.029,True,True,False
lcdb1000058368,60.853,True,True,False
lcdb1000058370,51.738,True,True,False
lcdb1000058371,69.844,True,True,False
lcdb1000058375,40.24,True,True,False
lcdb1000058380,314.371,True,True,False
lcdb1000058381,56.667,True,True,False
lcdb1000058385,94.797,True,True,False
lcdb1000058386,93.341,True,True,False
lcdb1000058391,76.034,True,True,False
lcdb1000058392,60.72,True,True,False
lcdb1000058393,111.374,True,True,False
lcdb1000058397,88.895,True,True,False
lcdb1000058399,86.75,True,True,False
lcdb1000059860,50.423,True,True,False
lcdb1000059876,72.52,True,True,False
lcdb1000059878,57.074,True,True,False
lcdb1000059879,49.145,True,True,False
lcdb1000059880,26.693,False,True,True
lcdb1000059881,83.423,True,True,False
lcdb1000059882,39.249,True,True,False
lcdb1000059883,105.612,True,True,False
lcdb1000059884,71.985,True,True,False
lcdb1000059886,74.335,True,True,False
lcdb1000059922,84.103,True,True,False
lcdb1000059924,187.186,True,True,False
lcdb1000059925,161.652,True,True,False
lcdb1000059926,124.492,True,True,False
lcdb1000059929,104.607,True,True,False
lcdb1000059934,45.069,True,True,False
lcdb1000059935,209.642,True,True,False
lcdb1000059936,43.133,True,True,False
lcdb1000059938,321.872,True,True,False
lcdb1000059944,118.764,True,True,False
lcdb1000059946,156.944,True,True,False
lcdb1000059947,55.26,True,True,False
lcdb1000059948,59.42,True,True,False
lcdb1000059951,112.519,True,True,False
lcdb1000059952,160.347,True,True,False
lcdb1000059954,42.357,True,True,False
lcdb1000059959,66.046,True,True,False
lcdb1000059961,225.372,True,True,False
lcdb1000059963,81.173,True,True,False
lcdb1000059967,53.003,True,True,False
lcdb1000059970,42.685,True,True,False
lcdb1000059971,69.102,True,True,False
lcdb1000059973,118.301,True,True,False
lcdb1000059975,160.971,True,True,False
lcdb1000059984,65.631,True,True,False
lcdb1000059985,53.811,True,True,False
lcdb1000059997,84.737,True,True,False
lcdb1000060000,85.544,True,True,False
lcdb1000060001,60.463,True,True,False
lcdb1000060002,61.36,True,True,False
lcdb1000060008,98.882,True,True,False
lcdb1000060011,115.008,True,True,False
lcdb1000060012,137.133,True,True,False
lcdb1000060225,179.853,True,True,False
lcdb1000060463,46.102,True,True,False
lcdb1000060465,91.119,True,True,False
lcdb1000060466,28.374,False,True,True
lcdb1000060467,31.193,True,True,False
lcdb1000060469,84.872,True,True,False
lcdb1000060471,121.52,True,True,False
lcdb1000060537,57.803,True,True,False
lcdb1000060538,31.242,True,True,False
lcdb1000060622,103.51,True,True,False
lcdb1000061165-part-1,0.001,False,False,False
lcdb1000061165-part-2,3.395,False,False,False
lcdb1000061165-part-3,0.884,False,False,False
lcdb1000061227,42.531,True,True,False
lcdb1000063130,70.485,True,True,False
lcdb1000063131,68.442,True,True,False
lcdb1000063771,13.897,False,False,False
lcdb1000063776,38.187,True,True,False
lcdb1000063780,32.536,True,True,False
lcdb1000063818,67.303,True,True,False
lcdb1000063822,96.396,True,True,False
lcdb1000063936,26.848,False,True,True
lcdb1000063938,48.447,True,True,False
lcdb1000063940,49.625,True,True,False
lcdb1000063945,53.708,True,True,False
lcdb1000063995,78.679,True,True,False
lcdb1000064040,37.373,True,True,False
lcdb1000064061,131.336,True,True,False
lcdb1000064071,78.996,True,True,False
lcdb1000064155,43.648,True,True,False
lcdb1000064256,31.056,True,True,False
lcdb1000065417,229.329,True,True,False
lcdb1000067468,104.818,True,True,False
lcdb1000067469,96.385,True,True,False
lcdb1000067472,113.172,True,True,False
lcdb1000067474,56.019,True,True,False
lcdb1000067532,46.626,True,True,False
lcdb1000067650,120.632,True,True,False
lcdb1000067651,67.208,True,True,False
lcdb1000067661,233.135,True,True,False
lcdb1000067663,95.326,True,True,False
lcdb1000067675,215.686,True,True,False
lcdb1000067789,80.45,True,True,False
lcdb1000067790,78.068,True,True,False
lcdb1000067793,83.988,True,True,False
lcdb1000067795,145.833,True,True,False
lcdb1000067796,152.399,True,True,False
lcdb1000067803,51.887,True,True,False
lcdb1000067841,121.015,True,True,False
lcdb1000067953,84.081,True,True,False
lcdb1000071100,47.049,True,True,False
lcdb1000071104,22.724,False,True,True
lcdb1000071105,71.403,True,True,False
lcdb1000071106,45.717,True,True,False
lcdb1000071108,47.905,True,True,False
lcdb1000071109,77.825,True,True,False
lcdb1000071114,45.449,True,True,False
lcdb1000071115,39.542,True,True,False
lcdb1000071120,101.955,True,True,False
lcdb1000071122,252.437,True,True,False
lcdb1000071128,72.56,True,True,False
lcdb1000071130,113.966,True,True,False
lcdb1000071135,116.671,True,True,False
lcdb1000071180,64.511,True,True,False
lcdb1000071184,61.561,True,True,False
lcdb1000071186,59.962,True,True,False
lcdb1000071196,79.1,True,True,False
lcdb1000071202,46.289,True,True,False
lcdb1000071229,93.045,True,True,False
lcdb1000071233-part-1,4.702,False,False,False
lcdb1000071233-part-2,214.235,True,True,False
lcdb1000071236,129.452,True,True,False
lcdb1000071237,79.581,True,True,False
lcdb1000071249,90.477,True,True,False
lcdb1000071262,46.23,True,True,False
lcdb1000071267,64.312,True,True,False
lcdb1000071291,74.523,True,True,False
lcdb1000071292,45.592,True,True,False
lcdb1000071293,27.856,False,True,True
lcdb1000071311,46.512,True,True,False
lcdb1000071313,66.129,True,True,False
lcdb1000071317,54.156,True,True,False
lcdb1000071320,68.487,True,True,False
lcdb1000071322,109.047,True,True,False
lcdb1000071323,95.928,True,True,False
lcdb1000071326,84.374,True,True,False
lcdb1000071327,68.743,True,True,False
lcdb1000071328,45.848,True,True,False
lcdb1000071329,61.052,True,True,False
lcdb1000071330,60.397,True,True,False
lcdb1000071331,78.771,True,True,False
lcdb1000071333,100.738,True,True,False
lcdb1000071351,80.4,True,True,False
lcdb1000071359,58.075,True,True,False
lcdb1000071360,85.153,True,True,False
lcdb1000071361,72.975,True,True,False
lcdb1000071371,58.839,True,True,False
lcdb1000071375,81.232,True,True,False
lcdb1000071376,70.567,True,True,False
lcdb1000071377,64.737,True,True,False
lcdb1000071393,56.581,True,True,False
lcdb1000071397,42.494,True,True,False
lcdb1000071399,117.661,True,True,False
lcdb1000071401,52.628,True,True,False
lcdb1000071404,68.104,True,True,False
lcdb1000071405,44.647,True,True,False
lcdb1000071407,62.419,True,True,False
lcdb1000071409,33.485,True,True,False
lcdb1000071410,55.539,True,True,False
lcdb1000071411,105.196,True,True,False
lcdb1000071449,88.194,True,True,False
lcdb1000071454,55.924,True,True,False
lcdb1000071460,99.417,True,True,False
lcdb1000071461,102.022,True,True,False
lcdb1000071465,63.055,True,True,False
lcdb1000071466,0.001,False,False,False
lcdb1000071468,48.762,True,True,False
lcdb1000071471,68.934,True,True,False
lcdb1000071479,58.872,True,True,False
lcdb1000071482,52.345,True,True,False
lcdb1000071483,173.548,True,True,False
lcdb1000071484,62.156,True,True,False
lcdb1000071485,62.186,True,True,False
lcdb1000071486,54.592,True,True,False
lcdb1000071490,46.19,True,True,False
lcdb1000071491,55.206,True,True,False
lcdb1000071492,52.026,True,True,False
lcdb1000071513,86.161,True,True,False
lcdb1000071518,65.19,True,True,False
lcdb1000071520,51.083,True,True,False
lcdb1000071521,44.644,True,True,False
lcdb1000071524,38.092,True,True,False
lcdb1000071525,57.229,True,True,False
lcdb1000071527,95.056,True,True,False
lcdb1000071529,48.833,True,True,False
lcdb1000071543,26.749,False,True,True
lcdb1000071545,36.741,True,True,False
lcdb1000071546,57.851,True,True,False
lcdb1000071547,38.476,True,True,False
lcdb1000071549,29.641,False,True,True
lcdb1000071551,40.079,True,True,False
lcdb1000071552,46.489,True,True,False
lcdb1000071554,56.714,True,True,False
lcdb1000071561,56.942,True,True,False
lcdb1000071564,31.144,True,True,False
lcdb1000071575,43.398,True,True,False
lcdb1000071578,72.845,True,True,False
lcdb1000071588,67.34,True,True,False
lcdb1000071589,50.89,True,True,False
lcdb1000071592,85.951,True,True,False
lcdb1000071595,52.897,True,True,False
lcdb1000071605,52.681,True,True,False
lcdb1000071606,63.775,True,True,False
lcdb1000071607,71.47,True,True,False
lcdb1000071610,38.261,True,True,False
lcdb1000071611,37.116,True,True,False
lcdb1000071615,78.887,True,True,False
lcdb1000071623,89.636,True,True,False
lcdb1000071624,69.309,True,True,False
lcdb1000071625,88.917,True,True,False
lcdb1000071626,43.877,True,True,False
lcdb1000071627,77.359,True,True,False
lcdb1000071628,55.302,True,True,False
lcdb1000071632,60.197,True,True,False
lcdb1000071634,66.902,True,True,False
lcdb1000071635,78.267,True,True,False
lcdb1000071639,86.114,True,True,False
lcdb1000071640,103.18,True,True,False
lcdb1000071642,75.424,True,True,False
lcdb1000071644,33.288,True,True,False
lcdb1000071645,55.029,True,True,False
lcdb1000071646,57.37,True,True,False
lcdb1000071649,63.705,True,True,False
lcdb1000071658,39.907,True,True,False
lcdb1000071663,51.744,True,True,False
lcdb1000071666,67.123,True,True,False
lcdb1000071668,82.771,True,True,False
lcdb1000071671,62.122,True,True,False
lcdb1000071679,82.531,True,True,False
lcdb1000071684,60.201,True,True,False
lcdb1000071686,100.155,True,True,False
lcdb1000071689,86.51,True,True,False
lcdb1000071693,53.046,True,True,False
lcdb1000071697,55.942,True,True,False
lcdb1000071702,60.878,True,True,False
lcdb1000071703,93.825,True,True,False
lcdb1000071705,70.011,True,True,False
lcdb1000071707,44.24,True,True,False
lcdb1000071709,55.886,True,True,False
lcdb1000071712,129.725,True,True,False
lcdb1000071713,39.187,True,True,False
lcdb1000071726,78.217,True,True,False
lcdb1000071733,73.518,True,True,False
lcdb1000071741,83.029,True,True,False
lcdb1000071744,85.638,True,True,False
lcdb1000071750,45.705,True,True,False
lcdb1000071752,24.593,False,True,True
lcdb1000071762,99.159,True,True,False
lcdb1000071778,77.174,True,True,False
lcdb1000071785,68.996,True,True,False
lcdb1000071792,46.153,True,True,False
lcdb1000071796,59.355,True,True,False
lcdb1000071798,61.067,True,True,False
lcdb1000071799,52.424,True,True,False
lcdb1000071806,58.814,True,True,False
lcdb1000071813,71.458,True,True,False
lcdb1000071818,81.403,True,True,False
lcdb1000071822,38.721,True,True,False
lcdb1000071828,83.876,True,True,False
lcdb1000071836,68.871,True,True,False
lcdb1000071838,66.536,True,True,False
lcdb1000071853,51.599,True,True,False
lcdb1000071857,100.303,True,True,False
lcdb1000071875,69.802,True,True,False
lcdb1000071879,99.685,True,True,False
lcdb1000071883,79.891,True,True,False
lcdb1000071885,52.006,True,True,False
lcdb1000071886,52.664,True,True,False
lcdb1000071890,63.179,True,True,False
lcdb1000071894,55.407,True,True,False
lcdb1000071898,57.54,True,True,False
lcdb1000071907,70.92,True,True,False
lcdb1000071909,72.455,True,True,False
lcdb1000071912,83.334,True,True,False
lcdb1000071913,94.296,True,True,False
lcdb1000071916,82.51,True,True,False
lcdb1000071918,75.031,True,True,False
lcdb1000071920,35.013,True,True,False
lcdb1000071926,60.425,True,True,False
lcdb1000071927,58.206,True,True,False
lcdb1000071932,62.506,True,True,False
lcdb1000071936,78.016,True,True,False
lcdb1000071942,75.034,True,True,False
lcdb1000071944,22.821,False,True,True
lcdb1000071946,49.197,True,True,False
lcdb1000071948,87.508,True,True,False
lcdb1000071951,54.789,True,True,False
lcdb1000071952,73.943,True,True,False
lcdb1000071953,40.822,True,True,False
lcdb1000071954,31.612,True,True,False
lcdb1000071959,66.276,True,True,False
lcdb1000071965,63.394,True,True,False
lcdb1000071976,73.349,True,True,False
lcdb1000071983,43.82,True,True,False
lcdb1000071992,73.332,True,True,False
lcdb1000071993,67.511,True,True,False
lcdb1000071995,63.873,True,True,False
lcdb1000072001,47.545,True,True,False
lcdb1000072002,23.869,False,True,True
lcdb1000072005,91.307,True,True,False
lcdb1000072008,55.517,True,True,False
lcdb1000072013,39.81,True,True,False
lcdb1000072014,61.041,True,True,False
lcdb1000072018,67.412,True,True,False
lcdb1000072025,75.464,True,True,False
lcdb1000072032,43.443,True,True,False
lcdb1000072039,51.996,True,True,False
lcdb1000072040,53.139,True,True,False
lcdb1000072043,78.508,True,True,False
lcdb1000072055,54.032,True,True,False
lcdb1000072059,70.911,True,True,False
lcdb1000072060,98.746,True,True,False
lcdb1000072065,46.116,True,True,False
lcdb1000072066,75.134,True,True,False
lcdb1000072068,58.848,True,True,False
lcdb1000072070,50.015,True,True,False
lcdb1000072072,86.317,True,True,False
lcdb1000072077,67.066,True,True,False
lcdb1000072091,63.572,True,True,False
lcdb1000072094,85.215,True,True,False
lcdb1000072102,98.184,True,True,False
lcdb1000072103,97.169,True,True,False
lcdb1000072104,95.851,True,True,False
lcdb1000072112,60.706,True,True,False
lcdb1000072117,44.347,True,True,False
lcdb1000072120,77.636,True,True,False
lcdb1000072121,57.724,True,True,False
lcdb1000072129,125.669,True,True,False
lcdb1000072134,106.962,True,True,False
lcdb1000072135,104.755,True,True,False
lcdb1000072138,114.525,True,True,False
lcdb1000072145,53.822,True,True,False
lcdb1000072154,80.896,True,True,False
lcdb1000072167,58.812,True,True,False
lcdb1000072179,58.754,True,True,False
lcdb1000072181,95.983,True,True,False
lcdb1000072183,68.139,True,True,False
lcdb1000072204,81.661,True,True,False
lcdb1000072215,55.332,True,True,False
lcdb1000072216,71.746,True,True,False
lcdb1000072217,77.864,True,True,False
lcdb1000072223,160.908,True,True,False
lcdb1000072227,92.505,True,True,False
lcdb1000072233,34.719,True,True,False
lcdb1000072234,58.742,True,True,False
lcdb1000072235,53.325,True,True,False
lcdb1000072236,36.695,True,True,False
lcdb1000072237,46.213,True,True,False
lcdb1000072239,64.364,True,True,False
lcdb1000072242,75.988,True,True,False
lcdb1000072243,43.712,True,True,False
lcdb1000072245,135.615,True,True,False
lcdb1000072249,96.547,True,True,False
lcdb1000072250,51.76,True,True,False
lcdb1000072251,85.094,True,True,False
lcdb1000072252,99.701,True,True,False
lcdb1000072253,72.918,True,True,False
lcdb1000072256,102.351,True,True,False
lcdb1000072259,69.044,True,True,False
lcdb1000072260,88.684,True,True,False
lcdb1000072261,118.816,True,True,False
lcdb1000072267,92.511,True,True,False
lcdb1000072270,60.387,True,True,False
lcdb1000072271,78.665,True,True,False
lcdb1000072272,79.779,True,True,False
lcdb1000072273,67.101,True,True,False
lcdb1000072274,81.433,True,True,False
lcdb1000072275,86.095,True,True,False
lcdb1000072280,139.892,True,True,False
lcdb1000072282,174.708,True,True,False
lcdb1000072283,89.542,True,True,False
lcdb1000072284,36.576,True,True,False
lcdb1000072287,112.927,True,True,False
lcdb1000072291,87.462,True,True,False
lcdb1000072294,90.547,True,True,False
lcdb1000072298,72.217,True,True,False
lcdb1000072300,102.576,True,True,False
lcdb1000072301,122.692,True,True,False
lcdb1000072304,180.084,True,True,False
lcdb1000072309,71.291,True,True,False
lcdb1000072310,86.698,True,True,False
lcdb1000072316,64.059,True,True,False
lcdb1000072319,137.493,True,True,False
lcdb1000072322,92.27,True,True,False
lcdb1000072325,82.665,True,True,False
lcdb1000072326,73.898,True,True,False
lcdb1000072332,63.192,True,True,False
lcdb1000072334,62.857,True,True,False
lcdb1000072344,125.596,True,True,False
lcdb1000072347,127.567,True,True,False
lcdb1000072348,164.98,True,True,False
lcdb1000072349,56.006,True,True,False
lcdb1000072354,108.432,True,True,False
lcdb1000072355,57.776,True,True,False
lcdb1000072356,75.361,True,True,False
lcdb1000072360,95.113,True,True,False
lcdb1000072361,81.167,True,True,False
lcdb1000072364,104.835,True,True,False
lcdb1000072365,37.349,True,True,False
lcdb1000072374,84.902,True,True,False
lcdb1000072375,95.917,True,True,False
lcdb1000072376,91.308,True,True,False
lcdb1000072390,63.255,True,True,False
lcdb1000072391,65.319,True,True,False
lcdb1000072392,86.477,True,True,False
lcdb1000072394,74.176,True,True,False
lcdb1000072404,57.558,True,True,False
lcdb1000072416,85.527,True,True,False
lcdb1000072422,90.644,True,True,False
lcdb1000072426,74.683,True,True,False
lcdb1000072427,94.021,True,True,False
lcdb1000072437,28.402,False,True,True
lcdb1000072445,77.099,True,True,False
lcdb1000072467,74.15,True,True,False
lcdb1000072473,62.364,True,True,False
lcdb1000072481,53.928,True,True,False
lcdb1000072487,99.611,True,True,False
lcdb1000072498,97.159,True,True,False
lcdb1000072499,52.842,True,True,False
lcdb1000072502,58.795,True,True,False
lcdb1000072503,87.522,True,True,False
lcdb1000072506,75.209,True,True,False
lcdb1000072507,63.798,True,True,False
lcdb1000072513,69.549,True,True,False
lcdb1000072515,33.551,True,True,False
lcdb1000072524,87.342,True,True,False
lcdb1000072568,98.477,True,True,False
lcdb1000072569,55.041,True,True,False
lcdb1000072578,79.909,True,True,False
lcdb1000072580,122.452,True,True,False
lcdb1000072590,58.217,True,True,False
lcdb1000072591,50.899,True,True,False
lcdb1000072593,71.393,True,True,False
lcdb1000072599,48.774,True,True,False
lcdb1000072603,94.05,True,True,False
lcdb1000072605,43.216,True,True,False
lcdb1000073604,49.21,True,True,False
lcdb1000073624,97.692,True,True,False
lcdb1000073636,54.56,True,True,False
lcdb1000073638,33.013,True,True,False
lcdb1000073641,171.088,True,True,False
lcdb1000073646,159.553,True,True,False
lcdb1000073647,82.841,True,True,False
lcdb1000073653,77.244,True,True,False
lcdb1000073654,78.576,True,True,False
lcdb1000073657,34.479,True,True,False
lcdb1000073664,173.88,True,True,False
lcdb1000073665,134.158,True,True,False
lcdb1000073668,111.091,True,True,False
lcdb1000073673,163.382,True,True,False
lcdb1000073731,111.517,True,True,False
lcdb1000073779,99.282,True,True,False
lcdb1000073800,98.052,True,True,False
lcdb1000073829,55.143,True,True,False
lcdb1000073852,251.693,True,True,False
lcdb1000073853,51.665,True,True,False
lcdb1000074681,48.178,True,True,False
lcdb1000074682,58.993,True,True,False
lcdb1000074683,54.898,True,True,False
lcdb1000074684,68.565,True,True,False
lcdb1000074685,56.402,True,True,False
lcdb1000074686,66.512,True,True,False
lcdb1000074687,67.282,True,True,False
lcdb1000074688,78.115,True,True,False
lcdb1000074689,67.759,True,True,False
lcdb1000074694,93.135,True,True,False
lcdb1000074695,120.521,True,True,False
lcdb1000074696,17.088,False,True,True
lcdb1000074702,75.504,True,True,False
lcdb1000074704,55.706,True,True,False
lcdb1000074706,53.597,True,True,False
lcdb1000074707,40.756,True,True,False
lcdb1000074708,73.75,True,True,False
lcdb1000074709,68.731,True,True,False
lcdb1000074710,49.518,True,True,False
lcdb1000074711,63.063,True,True,False
lcdb1000074712,96.034,True,True,False
lcdb1000074714,123.348,True,True,False
lcdb1000074746,103.801,True,True,False
lcdb1000074775,171.771,True,True,False
lcdb1000074777,36.64,True,True,False
lcdb1000074778,53.983,True,True,False
lcdb1000074792,84.193,True,True,False
lcdb1000074793,79.749,True,True,False
lcdb1000074799,126.591,True,True,False
lcdb1000074800,77.902,True,True,False
lcdb1000074802,42.901,True,True,False
lcdb1000074832,67.271,True,True,False
lcdb1000074925,46.824,True,True,False
lcdb1000074926,47.026,True,True,False
lcdb1000075023,200.902,True,True,False
lcdb1000075030,199.766,True,True,False
lcdb1000075034,123.9,True,True,False
lcdb1000075035,69.37,True,True,False
lcdb1000075041,162.513,True,True,False
lcdb1000075044,130.486,True,True,False
lcdb1000075046,97.458,True,True,False
lcdb1000075047,45.805,True,True,False
lcdb1000075050,93.77,True,True,False
lcdb1000075052,104.185,True,True,False
lcdb1000075053,50.511,True,True,False
lcdb1000075055,81.348,True,True,False
lcdb1000075056,31.349,True,True,False
lcdb1000075057,92.505,True,True,False
lcdb1000075058,35.524,True,True,False
lcdb1000075059,33.633,True,True,False
lcdb1000075060,16.369,False,False,False
lcdb1000075061,54.064,True,True,False
lcdb1000075066,59.701,True,True,False
lcdb1000075067,66.722,True,True,False
lcdb1000075069,146.982,True,True,False
lcdb1000075081,108.657,True,True,False
lcdb1000075088,137.627,True,True,False
lcdb1000075090,79.513,True,True,False
lcdb1000075097,54.831,True,True,False
lcdb1000075256,87.205,True,True,False
lcdb1000075344,54.236,True,True,False
lcdb1000075345,111.048,True,True,False
lcdb1000075346,62.858,True,True,False
lcdb1000084903,77.964,True,True,False
lcdb1000085415,77.378,True,True,False
lcdb1000085600,112.727,True,True,False
lcdb1000086111,91.821,True,True,False
lcdb1000086275,60.621,True,True,False
lcdb1000086325,57.064,True,True,False
lcdb1000086338,62.257,True,True,False
lcdb1000086638,101.282,True,True,False
lcdb1000086969,107.263,True,True,False
lcdb1000087081,84.742,True,True,False
lcdb1000087095,43.968,True,True,False
lcdb1000087112,53.538,True,True,False
lcdb1000087219,39.241,True,True,False
lcdb1000087261,63.09,True,True,False
lcdb1000087273,36.965,True,True,False
lcdb1000087275,35.717,True,True,False
lcdb1000087408,32.374,True,True,False
lcdb1000087975,137.587,True,True,False
lcdb1000088277,64.32,True,True,False
lcdb1000088330,34.216,True,True,False
lcdb1000088352,148.751,True,True,False
lcdb1000088546,45.467,True,True,False
lcdb1000088612,161.994,True,True,False
lcdb1000088989,47.652,True,True,False
lcdb1000089005,64.901,True,True,False
lcdb1000089098,124.39,True,True,False
lcdb1000089726,101.211,True,True,False
lcdb1000090167,98.78,True,True,False
lcdb1000090386,40.454,True,True,False
lcdb1000090517,55.506,True,True,False
lcdb1000090588,201.589,True,True,False
lcdb1000090827,59.033,True,True,False
lcdb1000090864,62.336,True,True,False
lcdb1000091291,40.862,True,True,False
lcdb1000091307,154.647,True,True,False
lcdb1000091329,91.179,True,True,False
lcdb1000091864,144.621,True,True,False
lcdb1000099553,51.164,True,True,False
lcdb1000099555,83.765,True,True,False
lcdb1000099558,111.312,True,True,False
lcdb1000099614,325.115,True,True,False
lcdb1000099640,90.536,True,True,False
lcdb1000099992,45.099,True,True,False
lcdb1000102613,66.836,True,True,False
lcdb1000102615,112.702,True,True,False
lcdb1000102635-part-1,17.791,False,False,False
lcdb1000102635-part-2,0.5,False,False,False
lcdb1000102637,73.617,True,True,False
lcdb1000102638,81.993,True,True,False
lcdb1000102642,73.268,True,True,False
lcdb1000102647,24.924,False,True,True
lcdb1000102648,26.239,False,True,True
lcdb1000102650,56.649,True,True,False
lcdb1000102651,48.808,True,True,False
lcdb1000102681,83.545,True,True,False
lcdb1000102682,140.074,True,True,False
lcdb1000102683,155.003,True,True,False
lcdb1000102809,85.379,True,True,False
lcdb1000102810,76.22,True,True,False
lcdb1000102815,47.352,True,True,False
lcdb1000102816,130.616,True,True,False
lcdb1000102818,66.487,True,True,False
lcdb1000102819,89.57,True,True,False
lcdb1000102827,42.998,True,True,False
lcdb1000102834,103.252,True,True,False
lcdb1000102930,56.435,True,True,False
lcdb1000102934,76.954,True,True,False
lcdb1000111375,79.343,True,True,False
lcdb1000112454,65.467,True,True,False
lcdb1000112526,63.055,True,True,False
lcdb1000113422,70.486,True,True,False
lcdb1000113455,41.332,True,True,False
lcdb1000113650,52.78,True,True,False
lcdb1000113760,34.2,True,True,False
lcdb1000113765,19.918,False,False,False
lcdb1000113767,105.396,True,True,False
lcdb1000114445,28.94,False,True,True
lcdb1000115048,51.777,True,True,False
lcdb1000115466,60.712,True,True,False
lcdb1000115732,65.111,True,True,False
lcdb1000116011,54.062,True,True,False
lcdb1000116139,30.93,True,True,False
lcdb1000116348,48.02,True,True,False
lcdb1000116704,47.185,True,True,False
lcdb1000116719,73.402,True,True,False
lcdb1000116820,29.896,False,True,True
lcdb1000117023,28.373,False,True,True
lcdb1000117103,70.661,True,True,False
lcdb1000117189,58.409,True,True,False
lcdb1000117275,336.608,True,True,False
lcdb1000118883,88.017,True,True,False
lcdb1000119097,34.761,True,True,False
lcdb1000127427,41.875,True,True,False
lcdb1000129291,82.621,True,True,False
lcdb1000129292,86.471,True,True,False
lcdb1000129295,51.197,True,True,False
lcdb1000129528,16.796,False,True,True
lcdb1000129529,30.227,True,True,False
lcdb1000129547,58.669,True,True,False
lcdb1000130182,40.193,True,True,False
lcdb1000131410,89.844,True,True,False
lcdb1000131412,44.991,True,True,False
lcdb1000135553,262.1,True,True,False
lcdb1000135995,51.838,True,True,False
lcdb1000138284,60.915,True,True,False
lcdb1000138503,81.309,True,True,False
lcdb1000138505,142.173,True,True,False
lcdb1000138515,78.372,True,True,False
lcdb1000138516,132.5,True,True,False
lcdb1000138621,48.919,True,True,False
lcdb1000138622,49.44,True,True,False
lcdb1000138626,46.272,True,True,False
lcdb1000138627,63.076,True,True,False
lcdb1000152569,26.527,False,True,True
lcdb1000152966,63.219,True,True,False
lcdb1000154256,76.519,True,True,False
lcdb1000154296,44.559,True,True,False
lcdb1000155576,40.958,True,True,False
lcdb1000158545,57.183,True,True,False
lcdb1000185293,94.879,True,True,False
lcdb1000185466,123.518,True,True,False
lcdb1000185467,93.856,True,True,False
lcdb1000185479,105.098,True,True,False
lcdb1000185487,241.597,True,True,False
lcdb1000185495,100.711,True,True,False
lcdb1000185773,73.787,True,True,False
lcdb1000185998,45.717,True,True,False
lcdb1000186002,76.134,True,True,False
lcdb1000186011,96.956,True,True,False
lcdb1000187542,30.85,True,True,False
lcdb1000187692,78.498,True,True,False
lcdb1000187726,120.165,True,True,False
lcdb1000187727,72.662,True,True,False
lcdb1000187731,143.336,True,True,False
lcdb1000187734,168.29,True,True,False
lcdb1000188551,227.44,True,True,False
lcdb1000188568,119.835,True,True,False
lcdb1000188589,162.696,True,True,False
lcdb1000188672,56.991,True,True,False
lcdb1000188674,91.258,True,True,False
lcdb1000188677,128.605,True,True,False
lcdb1000188682,68.019,True,True,False
lcdb1000188683,150.864,True,True,False
lcdb1000188698,33.48,True,True,False
lcdb1000188737,177.796,True,True,False
lcdb1000188826,189.169,True,True,False
lcdb1000188828,128.188,True,True,False
lcdb1000188833,217.668,True,True,False
lcdb1000189093,34.455,True,True,False
lcdb1000189152,54.429,True,True,False
lcdb1000207928,63.72,True,True,False
lcdb1000207976,70.12,True,True,False
lcdb1000208010,97.473,True,True,False
lcdb1000208070,43.706,True,True,False
lcdb1000208082,139.314,True,True,False
lcdb1000208093,106.774,True,True,False
lcdb1000208128,92.162,True,True,False
lcdb1000208135,186.48,True,True,False
lcdb1000208208,61.321,True,True,False
lcdb1000208322,140.571,True,True,False
lcdb1000208398,61.585,True,True,False
lcdb1000208422,34.809,True,True,False
lcdb1000208426,53.458,True,True,False
lcdb1000208429,78.783,True,True,False
lcdb1000208468,42.335,True,True,False
lcdb1000208469,23.791,False,True,True
lcdb1000208476,118.433,True,True,False
lcdb1000208522,93.002,True,True,False
lcdb1000208526,31.409,True,True,False
lcdb1000208556,173.806,True,True,False
lcdb1000208571,148.427,True,True,False
lcdb1000208653,64.185,True,True,False
lcdb1000208664,60.621,True,True,False
lcdb1000208677,53.021,True,True,False
lcdb1000208763,58.624,True,True,False
lcdb1000208774,180.749,True,True,False
lcdb1000208779,78.764,True,True,False
lcdb1000209184,75.475,True,True,False
lcdb1000209197,70.236,True,True,False
lcdb1000209226,117.029,True,True,False
lcdb1000209301,73.803,True,True,False
lcdb1000209314,108.216,True,True,False
lcdb1000209367,149.686,True,True,False
lcdb1000209402,99.938,True,True,False
lcdb1000209454,157.529,True,True,False
lcdb1000209510,93.485,True,True,False
lcdb1000209550,60.947,True,True,False
lcdb1000209553,58.884,True,True,False
lcdb1000209580,145.125,True,True,False
lcdb1000209609,142.769,True,True,False
lcdb1000209635,196.709,True,True,False
lcdb1000209708,104.229,True,True,False
lcdb1000209774,109.613,True,True,False
lcdb1000209942,71.239,True,True,False
lcdb1000209961,117.813,True,True,False
lcdb1000210147,130.831,True,True,False
lcdb1000210185,92.473,True,True,False
lcdb1000210287,120.405,True,True,False
lcdb1000210386,45.99,True,True,False
lcdb1000210583,94.126,True,True,False
lcdb1000210591,97.09,True,True,False
lcdb1000210938,42.639,True,True,False
lcdb1000211017,80.094,True,True,False
lcdb1000211023,172.851,True,True,False
lcdb1000211024,52.42,True,True,False
lcdb1000211228,71.393,True,True,False
lcdb1000211274,86.948,True,True,False
lcdb1000211500,65.697,True,True,False
lcdb1000211551,66.93,True,True,False
lcdb1000212347,41.054,True,True,False
lcdb1000212611,54.895,True,True,False
lcdb1000212616,39.561,True,True,False
lcdb1000212644,35.837,True,True,False
lcdb1000212652,42.03,True,True,False
lcdb1000226088,109.858,True,True,False
lcdb1000226118,326.53,True,True,False
lcdb1000226135,78.915,True,True,False
lcdb1000226282,117.093,True,True,False
lcdb1000226293,40.237,True,True,False
lcdb1000226294,125.817,True,True,False
lcdb1000226299,87.113,True,True,False
lcdb1000226317,131.219,True,True,False
lcdb1000226415,51.971,True,True,False
lcdb1000226416,54.548,True,True,False
lcdb1000226428,94.977,True,True,False
lcdb1000226490,52.068,True,True,False
lcdb1000226494,81.472,True,True,False
lcdb1000227268-part-1,73.031,True,True,False
lcdb1000227268-part-2,36.217,True,True,False
lcdb1000400000,650.36,True,True,False
lcdb1000400004,212.392,True,True,False
lcdb1000400011,409.457,True,True,False
lcdb1000400020,416.792,True,True,False
lcdb1000400150,223.844,True,True,False
lcdb1000400221,156.295,True,True,False
lcdb1000400339,133.723,True,True,False
lcdb1000400482,90.102,True,True,False
lcdb1000400497,112.518,True,True,False
lcdb1000400506,152.124,True,True,False
lcdb1000400587,132.416,True,True,False
lcdb1000400667,115.43,True,True,False
lcdb1000400688,174.249,True,True,False
lcdb1000400740,112.245,True,True,False
lcdb1000400756,169.895,True,True,False
lcdb1000400783,204.473,True,True,False
lcdb1000400847,191.006,True,True,False
lcdb1000400851,86.786,True,True,False
lcdb1000400867,90.667,True,True,False
lcdb1000400891,178.813,True,True,False
lcdb1000400908,352.163,True,True,False
lcdb1000400909-part-1,13.262,False,False,False
lcdb1000400909-part-2,131.944,True,True,False
lcdb1000400913,205.341,True,True,False
lcdb1000400930,129.623,True,True,False
lcdb1000400937,81.208,True,True,False
lcdb1000400941,274.35,True,True,False
lcdb1000400955,116.888,True,True,False
lcdb1000400968,164.411,True,True,False
lcdb1000400983,137.847,True,True,False
lcdb1000401061,92.331,True,True,False
lcdb1000401071,106.037,True,True,False
lcdb1000401126,95.849,True,True,False
lcdb1000401151,186.593,True,True,False
lcdb1000401178,103.302,True,True,False
lcdb1000401206,183.198,True,True,False
lcdb1000401245,72.485,True,True,False
lcdb1000401250,157.576,True,True,False
lcdb1000401253,70.516,True,True,False
lcdb1000401254,135.222,True,True,False
lcdb1000401293,241.273,True,True,False
lcdb1000401358,134.186,True,True,False
lcdb1000401377,84.115,True,True,False
lcdb1000401378,88.783,True,True,False
lcdb1000401390,104.905,True,True,False
lcdb1000401394,123.92,True,True,False
lcdb1000401516,117.013,True,True,False
lcdb1000401570,75.973,True,True,False
lcdb1000401620,172.512,True,True,False
lcdb1000401664,134.517,True,True,False
lcdb1000401680,71.373,True,True,False
lcdb1000401715,180.111,True,True,False
lcdb1000401729,130.319,True,True,False
lcdb1000401746,49.824,True,True,False
lcdb1000401887,105.238,True,True,False
lcdb1000401888,94.301,True,True,False
lcdb1000401902,103.067,True,True,False
lcdb1000401943,103.736,True,True,False
lcdb1000401976,127.393,True,True,False
lcdb1000401990-part-1,135.241,True,True,False
lcdb1000401990-part-2,130.568,True,True,False
lcdb1000402004,168.333,True,True,False
lcdb1000402035,135.222,True,True,False
lcdb1000402087,117.591,True,True,False
lcdb1000402095,112.646,True,True,False
lcdb1000402111,78.084,True,True,False
lcdb1000402153,146.897,True,True,False
lcdb1000402187,64.458,True,True,False
lcdb1000402210,71.182,True,True,False
lcdb1000402217,66.253,True,True,False
lcdb1000402290,79.36,True,True,False
lcdb1000402311,105.53,True,True,False
lcdb1000402382,45.351,True,True,False
lcdb1000402406,112.913,True,True,False
lcdb1000402434,58.968,True,True,False
lcdb1000402513,82.76,True,True,False
lcdb1000402531,110.991,True,True,False
lcdb1000402549,68.558,True,True,False
lcdb1000402571,75.375,True,True,False
lcdb1000402618,62.451,True,True,False
lcdb1000402627,68.773,True,True,False
lcdb1000402631,90.481,True,True,False
lcdb1000402634,159.541,True,True,False
lcdb1000402635,60.021,True,True,False
lcdb1000402655,50.439,True,True,False
lcdb1000402689,86.711,True,True,False
lcdb1000402722,80.842,True,True,False
lcdb1000402753,73.06,True,True,False
lcdb1000402767,45.696,True,True,False
lcdb1000402791,128.263,True,True,False
lcdb1000402850,127.674,True,True,False
lcdb1000402880,161.161,True,True,False
lcdb1000402923,96.003,True,True,False
lcdb1000402940,61.935,True,True,False
lcdb1000402948,72.25,True,True,False
lcdb1000402983,91.615,True,True,False
lcdb1000403078,114.617,True,True,False
lcdb1000403100,95.969,True,True,False
lcdb1000403145,57.901,True,True,False
lcdb1000403162,155.502,True,True,False
lcdb1000403184,105.707,True,True,False
lcdb1000403209,148.029,True,True,False
lcdb1000403210,39.458,True,True,False
lcdb1000403316,120.331,True,True,False
lcdb1000403370,155.742,True,True,False
lcdb1000403378,145.88,True,True,False
lcdb1000403398,74.041,True,True,False
lcdb1000403399,112.745,True,True,False
lcdb1000403410,142.873,True,True,False
lcdb1000403418,73.615,True,True,False
lcdb1000403488,147.171,True,True,False
lcdb1000403491,53.764,True,True,False
lcdb1000403513,71.554,True,True,False
lcdb1000403517,69.367,True,True,False
lcdb1000403565,112.246,True,True,False
lcdb1000403633,130.05,True,True,False
lcdb1000403649,72.125,True,True,False
lcdb1000403689,103.266,True,True,False
lcdb1000403702,126.24,True,True,False
lcdb1000403711,69.311,True,True,False
lcdb1000403758,82.773,True,True,False
lcdb1000403767,68.739,True,True,False
lcdb1000403783,112.743,True,True,False
lcdb1000403805,52.975,True,True,False
lcdb1000403809,139.814,True,True,False
lcdb1000403867,90.959,True,True,False
lcdb1000403887,47.794,True,True,False
lcdb1000403940,88.707,True,True,False
lcdb1000403942,95.036,True,True,False
lcdb1000403962,57.203,True,True,False
lcdb1000403967,69.609,True,True,False
lcdb1000404011,116.075,True,True,False
lcdb1000404066,81.402,True,True,False
lcdb1000404094,50.028,True,True,False
lcdb1000404100,101.087,True,True,False
lcdb1000404122,86.261,True,True,False
lcdb1000404150,37.436,True,True,False
lcdb1000404182,76.831,True,True,False
lcdb1000404210,84.438,True,True,False
lcdb1000404256,55.082,True,True,False
lcdb1000404264,88.975,True,True,False
lcdb1000404265,65.733,True,True,False
lcdb1000404302,44.42,True,True,False
lcdb1000404310,91.932,True,True,False
lcdb1000404380,69.299,True,True,False
lcdb1000404381,121.724,True,True,False
lcdb1000404384,130.009,True,True,False
lcdb1000404391,89.461,True,True,False
lcdb1000404432,84.861,True,True,False
lcdb1000404435,101.369,True,True,False
lcdb1000404476,62.656,True,True,False
lcdb1000404542,96.604,True,True,False
lcdb1000404549,70.914,True,True,False
lcdb1000404552,92.803,True,True,False
lcdb1000404634,82.393,True,True,False
lcdb1000404640,94.127,True,True,False
lcdb1000404641,52.468,True,True,False
lcdb1000404686,96.486,True,True,False
lcdb1000404706,48.871,True,True,False
lcdb1000404707,70.644,True,True,False
lcdb1000404710,53.006,True,True,False
lcdb1000404715,93.96,True,True,False
lcdb1000404746,61.139,True,True,False
lcdb1000404754,63.094,True,True,False
lcdb1000404768,43.411,True,True,False
lcdb1000404783,78.211,True,True,False
lcdb1000404813,59.599,True,True,False
lcdb1000404838,95.657,True,True,False
lcdb1000404841,76.991,True,True,False
lcdb1000404870,72.002,True,True,False
lcdb1000404929,90.752,True,True,False
lcdb1000404935,66.954,True,True,False
lcdb1000404943,63.427,True,True,False
lcdb1000405008,110.555,True,True,False
lcdb1000405021,83.884,True,True,False
lcdb1000405152,91.938,True,True,False
lcdb1000405155,78.862,True,True,False
lcdb1000405158,88.155,True,True,False
lcdb1000405166,48.951,True,True,False
lcdb1000405198,81.079,True,True,False
lcdb1000405243,99.668,True,True,False
lcdb1000405246,58.704,True,True,False
lcdb1000405307,47.699,True,True,False
lcdb1000405324,81.365,True,True,False
lcdb1000405330,59.651,True,True,False
lcdb1000405352,121.175,True,True,False
lcdb1000405353,46.934,True,True,False
lcdb1000405354,85.188,True,True,False
lcdb1000405370,84.21,True,True,False
lcdb1000405409,86.38,True,True,False
lcdb1000405415,59.364,True,True,False
lcdb1000405416,56.993,True,True,False
lcdb1000405429,62.875,True,True,False
lcdb1000405438,64.593,True,True,False
lcdb1000405439,54.197,True,True,False
lcdb1000405455,53.405,True,True,False
lcdb1000405476,40.541,True,True,False
lcdb1000405524,75.957,True,True,False
lcdb1000405527,58.801,True,True,False
lcdb1000405543,103.344,True,True,False
lcdb1000405659,47.376,True,True,False
lcdb1000405663,107.893,True,True,False
lcdb1000405684,52.81,True,True,False
lcdb1000405694,53.953,True,True,False
lcdb1000405749,80.416,True,True,False
lcdb1000405769,66.021,True,True,False
lcdb1000405776,59.539,True,True,False
lcdb1000405778,58.844,True,True,False
lcdb1000405782,77.395,True,True,False
lcdb1000405816,79.47,True,True,False
lcdb1000405825,54.276,True,True,False
lcdb1000405850,35.099,True,True,False
lcdb1000405853,36.766,True,True,False
lcdb1000405873,98.661,True,True,False
lcdb1000405908,66.13,True,True,False
lcdb1000406000,46.727,True,True,False
lcdb1000406008,56.919,True,True,False
lcdb1000406025,52.302,True,True,False
lcdb1000406093,46.216,True,True,False
lcdb1000406097,81.571,True,True,False
lcdb1000406136,60.961,True,True,False
lcdb1000406226,80.274,True,True,False
lcdb1000406242,72.387,True,True,False
lcdb1000406292,81.85,True,True,False
lcdb1000406324,64.346,True,True,False
lcdb1000406325,66.849,True,True,False
lcdb1000406393,70.824,True,True,False
lcdb1000406406,44.205,True,True,False
lcdb1000406412,52.775,True,True,False
lcdb1000406458,47.548,True,True,False
lcdb1000406554,95.522,True,True,False
lcdb1000406586,93.712,True,True,False
lcdb1000406609,49.728,True,True,False
lcdb1000406686,92.492,True,True,False
lcdb1000406692,79.057,True,True,False
lcdb1000406722,66.899,True,True,False
lcdb1000406728,61.183,True,True,False
lcdb1000406738,52.849,True,True,False
lcdb1000406784,62.282,True,True,False
lcdb1000406789,42.617,True,True,False
lcdb1000406795,73.557,True,True,False
lcdb1000406832,97.322,True,True,False
lcdb1000406853,63.974,True,True,False
lcdb1000406862,41.379,True,True,False
lcdb1000406874,45.568,True,True,False
lcdb1000406880,70.579,True,True,False
lcdb1000406900,71.232,True,True,False
lcdb1000406999,80.241,True,True,False
lcdb1000407030,102.539,True,True,False
lcdb1000407047,71.545,True,True,False
lcdb1000407048,74.59,True,True,False
lcdb1000407090,82.993,True,True,False
lcdb1000407100,55.464,True,True,False
lcdb1000407104,94.771,True,True,False
lcdb1000407116,47.034,True,True,False
lcdb1000407145,80.315,True,True,False
lcdb1000407169,75.816,True,True,False
lcdb1000407188,73.913,True,True,False
lcdb1000407192,94.107,True,True,False
lcdb1000407252,53.981,True,True,False
lcdb1000407287,78.075,True,True,False
lcdb1000407315,51.783,True,True,False
lcdb1000407330,59.579,True,True,False
lcdb1000407352,75.057,True,True,False
lcdb1000407398,70.747,True,True,False
lcdb1000407407,57.233,True,True,False
lcdb1000407416,63.21,True,True,False
lcdb1000407436,41.231,True,True,False
lcdb1000407440,65.981,True,True,False
lcdb1000407447,54.839,True,True,False
lcdb1000407462,74.953,True,True,False
lcdb1000407474,58.207,True,True,False
lcdb1000407475,83.267,True,True,False
lcdb1000407517,71.477,True,True,False
lcdb1000407561,57.047,True,True,False
lcdb1000407619,67.145,True,True,False
lcdb1000407655,83.542,True,True,False
lcdb1000407679,50.678,True,True,False
lcdb1000407718,35.425,True,True,False
lcdb1000407720,79.671,True,True,False
lcdb1000407742,51.195,True,True,False
lcdb1000407763,76.197,True,True,False
lcdb1000407789,87.143,True,True,False
lcdb1000407822,94.169,True,True,False
lcdb1000407829,90.296,True,True,False
lcdb1000407844,59.836,True,True,False
lcdb1000407865,56.094,True,True,False
lcdb1000407880,85.245,True,True,False
lcdb1000407896,46.996,True,True,False
lcdb1000407965,51.475,True,True,False
lcdb1000407973,80.293,True,True,False
lcdb1000407984,83.232,True,True,False
lcdb1000407992,63.295,True,True,False
lcdb1000408055,70.494,True,True,False
lcdb1000408124,81.553,True,True,False
lcdb1000408126,40.86,True,True,False
lcdb1000408127,38.078,True,True,False
lcdb1000408182,49.616,True,True,False
lcdb1000408210,56.817,True,True,False
lcdb1000408245,46.002,True,True,False
lcdb1000408247,52.918,True,True,False
lcdb1000408287,42.532,True,True,False
lcdb1000408288,84.583,True,True,False
lcdb1000408341,75.98,True,True,False
lcdb1000408357,63.114,True,True,False
lcdb1000408399,48.4,True,True,False
lcdb1000408450,79.086,True,True,False
lcdb1000408458,81.64,True,True,False
lcdb1000408516,48.393,True,True,False
lcdb1000408536,65.388,True,True,False
lcdb1000408552,59.098,True,True,False
lcdb1000408569,54.614,True,True,False
lcdb1000408577,31.799,True,True,False
lcdb1000408582,80.747,True,True,False
lcdb1000408589,53.43,True,True,False
lcdb1000408600,53.29,True,True,False
lcdb1000408628,35.181,True,True,False
lcdb1000408646,56.918,True,True,False
lcdb1000408667,35.957,True,True,False
lcdb1000408671,33.953,True,True,False
lcdb1000408678,37.824,True,True,False
lcdb1000408680,36.564,True,True,False
lcdb1000408737,54.899,True,True,False
lcdb1000408793,57.365,True,True,False
lcdb1000408811,80.791,True,True,False
lcdb1000408856,53.909,True,True,False
lcdb1000408885,82.18,True,True,False
lcdb1000408924,59.457,True,True,False
lcdb1000408971,38.367,True,True,False
lcdb1000408975,55.854,True,True,False
lcdb1000409187,66.981,True,True,False
lcdb1000409199,78.506,True,True,False
lcdb1000409240,67.407,True,True,False
lcdb1000409248,37.208,True,True,False
lcdb1000409259,59.878,True,True,False
lcdb1000409260,59.698,True,True,False
lcdb1000409263,49.878,True,True,False
lcdb1000409283,67.67,True,True,False
lcdb1000409296,53.5,True,True,False
lcdb1000409331,59.1,True,True,False
lcdb1000409337,73.739,True,True,False
lcdb1000409390,54.848,True,True,False
lcdb1000409396,53.398,True,True,False
lcdb1000409450,50.46,True,True,False
lcdb1000409459,32.967,True,True,False
lcdb1000409466,54.936,True,True,False
lcdb1000409468,56.214,True,True,False
lcdb1000409480,38.517,True,True,False
lcdb1000409505,58.724,True,True,False
lcdb1000409517,44.29,True,True,False
lcdb1000409525,61.443,True,True,False
lcdb1000409548,58.338,True,True,False
lcdb1000409648,73.815,True,True,False
lcdb1000409679,49.994,True,True,False
lcdb1000409746,51.866,True,True,False
lcdb1000409816,85.324,True,True,False
lcdb1000409894,56.249,True,True,False
lcdb1000409943,23.755,False,True,True
lcdb1000409966,62.829,True,True,False
lcdb1000409970,51.273,True,True,False
lcdb1000410008,78.654,True,True,False
lcdb1000410013,41.822,True,True,False
lcdb1000410026,66.215,True,True,False
lcdb1000410079,54.273,True,True,False
lcdb1000410099,49.065,True,True,False
lcdb1000410111,68.73,True,True,False
lcdb1000410126,53.265,True,True,False
lcdb1000410193-part-1,16.144,False,True,True
lcdb1000410193-part-2,5.405,False,False,False
lcdb1000410193-part-3,13.604,False,True,True
lcdb1000410197,44.092,True,True,False
lcdb1000410214,60.411,True,True,False
lcdb1000410221,25.085,False,True,True
lcdb1000410231,62.414,True,True,False
lcdb1000410296,55.172,True,True,False
lcdb1000410297,49.969,True,True,False
lcdb1000410304,62.052,True,True,False
lcdb1000410317,53.056,True,True,False
lcdb1000410327,56.527,True,True,False
lcdb1000410368,66.961,True,True,False
lcdb1000410400,73.207,True,True,False
lcdb1000410435,49.599,True,True,False
lcdb1000410495,73.401,True,True,False
lcdb1000410498,55.666,True,True,False
lcdb1000410554,46.547,True,True,False
lcdb1000410568,52.323,True,True,False
lcdb1000410577,58.59,True,True,False
lcdb1000410595,48.457,True,True,False
lcdb1000410634,37.482,True,True,False
lcdb1000410648,44.953,True,True,False
lcdb1000410652,30.502,True,True,False
lcdb1000410756,48.289,True,True,False
lcdb1000410762,49.149,True,True,False
lcdb1000410769,47.629,True,True,False
lcdb1000410780,35.562,True,True,False
lcdb1000410791,44.651,True,True,False
lcdb1000410793,62.92,True,True,False
lcdb1000410828,56.044,True,True,False
lcdb1000410862,45.485,True,True,False
lcdb1000410870,44.431,True,True,False
lcdb1000410884,32.889,True,True,False
lcdb1000410919,45.959,True,True,False
lcdb1000410929,70.062,True,True,False
lcdb1000410974,45.532,True,True,False
lcdb1000410980,68.226,True,True,False
lcdb1000411066,40.302,True,True,False
lcdb1000411068,61.948,True,True,False
lcdb1000411069,66.713,True,True,False
lcdb1000411110,71.839,True,True,False
lcdb1000411122,39.256,True,True,False
lcdb1000411140,30.74,True,True,False
lcdb1000411144,62.181,True,True,False
lcdb1000411212,55.225,True,True,False
lcdb1000411253,36.408,True,True,False
lcdb1000411279,47.574,True,True,False
lcdb1000411295,41.052,True,True,False
lcdb1000411308,44.996,True,True,False
lcdb1000411313,59.818,True,True,False
lcdb1000411322,57.079,True,True,False
lcdb1000411379,33.104,True,True,False
lcdb1000411382,36.982,True,True,False
lcdb1000411402,37.102,True,True,False
lcdb1000411455,55.287,True,True,False
lcdb1000411468,43.575,True,True,False
lcdb1000411501,51.672,True,True,False
lcdb1000411568,40.707,True,True,False
lcdb1000411590,24.22,False,True,True
lcdb1000411622,66.196,True,True,False
lcdb1000411625,50.734,True,True,False
lcdb1000411628,43.499,True,True,False
lcdb1000411639,29.706,False,True,True
lcdb1000411671,39.031,True,True,False
lcdb1000411701,59.283,True,True,False
lcdb1000411724,68.714,True,True,False
lcdb1000411754,35.971,True,True,False
lcdb1000411876,54.484,True,True,False
lcdb1000411894,38.413,True,True,False
lcdb1000411921,39.121,True,True,False
lcdb1000411922,41.713,True,True,False
lcdb1000411928,31.12,True,True,False
lcdb1000412010,36.892,True,True,False
lcdb1000412015,43.638,True,True,False
lcdb1000412028,64.358,True,True,False
lcdb1000412029,37.158,True,True,False
lcdb1000412067,65.863,True,True,False
lcdb1000412151,60.5,True,True,False
lcdb1000412169,62.479,True,True,False
lcdb1000412181,36.641,True,True,False
lcdb1000412198,35.422,True,True,False
lcdb1000412217,44.468,True,True,False
lcdb1000412223,67.984,True,True,False
lcdb1000412263,64.592,True,True,False
lcdb1000412264,44.158,True,True,False
lcdb1000412296,70.863,True,True,False
lcdb1000412350,75.453,True,True,False
lcdb1000412385,52.354,True,True,False
lcdb1000412388,55.586,True,True,False
lcdb1000412398,22.027,False,True,True
lcdb1000412414,52.591,True,True,False
lcdb1000412443,48.429,True,True,False
lcdb1000412515,41.489,True,True,False
lcdb1000412569,46.082,True,True,False
lcdb1000412572,26.621,False,True,True
lcdb1000412595,65.504,True,True,False
lcdb1000412600,35.177,True,True,False
lcdb1000412606,38.388,True,True,False
lcdb1000412608,44.86,True,True,False
lcdb1000412610,37.742,True,True,False
lcdb1000412631,37.259,True,True,False
lcdb1000412638,43.598,True,True,False
lcdb1000412703,31.014,True,True,False
lcdb1000412724,57.941,True,True,False
lcdb1000412736,29.407,False,True,True
lcdb1000412753,46.98,True,True,False
lcdb1000412761,40.977,True,True,False
lcdb1000412772,37.347,True,True,False
lcdb1000412799,27.466,False,True,True
lcdb1000412850,44.319,True,True,False
lcdb1000412853,61.766,True,True,False
lcdb1000412930,33.386,True,True,False
lcdb1000412931,59.307,True,True,False
lcdb1000413032,37.495,True,True,False
lcdb1000413035,46.305,True,True,False
lcdb1000413049,32.866,True,True,False
lcdb1000413057,63.878,True,True,False
lcdb1000413076,38.184,True,True,False
lcdb1000413135,35.022,True,True,False
lcdb1000413144,29.0,False,True,True
lcdb1000413164,39.867,True,True,False
lcdb1000413205,45.974,True,True,False
lcdb1000413227,65.498,True,True,False
lcdb1000413262,65.987,True,True,False
lcdb1000413275,59.004,True,True,False
lcdb1000413292,56.944,True,True,False
lcdb1000413365,29.206,False,True,True
lcdb1000413423,46.589,True,True,False
lcdb1000413470,37.227,True,True,False
lcdb1000413493,29.374,False,True,True
lcdb1000413503,35.931,True,True,False
lcdb1000413513,47.414,True,True,False
lcdb1000413525,62.589,True,True,False
lcdb1000413545,27.295,False,True,True
lcdb1000413558,45.15,True,True,False
lcdb1000413587,38.888,True,True,False
lcdb1000413617,36.929,True,True,False
lcdb1000413656,33.367,True,True,False
lcdb1000413657,38.128,True,True,False
lcdb1000413680,24.972,False,True,True
lcdb1000413733,35.998,True,True,False
lcdb1000413764,28.763,False,True,True
lcdb1000413834,29.775,False,True,True
lcdb1000413837,38.648,True,True,False
lcdb1000413849,56.866,True,True,False
lcdb1000413857,38.779,True,True,False
lcdb1000413863,64.336,True,True,False
lcdb1000413878,46.702,True,True,False
lcdb1000413906,52.769,True,True,False
lcdb1000413909,43.04,True,True,False
lcdb1000413946,24.267,False,True,True
lcdb1000413983,61.721,True,True,False
lcdb1000413992,44.842,True,True,False
lcdb1000414015,49.902,True,True,False
lcdb1000414043,40.882,True,True,False
lcdb1000414060,37.105,True,True,False
lcdb1000414065,52.243,True,True,False
lcdb1000414073,43.805,True,True,False
lcdb1000414111,44.396,True,True,False
lcdb1000414141,50.751,True,True,False
lcdb1000414143,38.2,True,True,False
lcdb1000414152,60.311,True,True,False
lcdb1000414188,22.349,False,True,True
lcdb1000414195,42.531,True,True,False
lcdb1000414235,35.762,True,True,False
lcdb1000414238,47.243,True,True,False
lcdb1000414253,52.223,True,True,False
lcdb1000414293,58.872,True,True,False
lcdb1000414304,40.818,True,True,False
lcdb1000414306,49.445,True,True,False
lcdb1000414351,21.528,False,True,True
lcdb1000414458,48.33,True,True,False
lcdb1000414541,39.864,True,True,False
lcdb1000414557,38.904,True,True,False
lcdb1000414578,43.891,True,True,False
lcdb1000414633,42.329,True,True,False
lcdb1000414643,25.041,False,True,True
lcdb1000414650,36.3,True,True,False
lcdb1000414742,40.558,True,True,False
lcdb1000414785,29.46,False,True,True
lcdb1000414798,35.004,True,True,False
lcdb1000414828,28.321,False,True,True
lcdb1000414858,35.111,True,True,False
lcdb1000414911,31.457,True,True,False
lcdb1000414915,51.503,True,True,False
lcdb1000414920,37.39,True,True,False
lcdb1000414946,43.773,True,True,False
lcdb1000414953,36.738,True,True,False
lcdb1000414968,28.915,False,True,True
lcdb1000414973,45.215,True,True,False
lcdb1000415013,53.789,True,True,False
lcdb1000415039,34.859,True,True,False
lcdb1000415055,27.56,False,True,True
lcdb1000415078,36.245,True,True,False
lcdb1000415100,34.728,True,True,False
lcdb1000415120,34.658,True,True,False
lcdb1000415158,45.237,True,True,False
lcdb1000415164,38.091,True,True,False
lcdb1000415177,30.61,True,True,False
lcdb1000415227,50.819,True,True,False
lcdb1000415278,39.476,True,True,False
lcdb1000415301,36.986,True,True,False
lcdb1000415302,29.464,False,True,True
lcdb1000415324,30.556,True,True,False
lcdb1000415351,25.383,False,True,True
lcdb1000415424,42.772,True,True,False
lcdb1000415426,26.338,False,True,True
lcdb1000415470,35.267,True,True,False
lcdb1000415491,36.817,True,True,False
lcdb1000415518,23.8,False,True,True
lcdb1000415525,26.712,False,True,True
lcdb1000415588,51.634,True,True,False
lcdb1000415591,24.027,False,True,True
lcdb1000415599,27.696,False,True,True
lcdb1000415633,25.761,False,True,True
lcdb1000415641,25.497,False,True,True
lcdb1000415668,44.52,True,True,False
lcdb1000415697,56.916,True,True,False
lcdb1000415699,38.804,True,True,False
lcdb1000415725,46.662,True,True,False
lcdb1000415732,38.271,True,True,False
lcdb1000415735,35.276,True,True,False
lcdb1000415740,29.468,False,True,True
lcdb1000415742,46.222,True,True,False
lcdb1000415755,25.366,False,True,True
lcdb1000415792,37.841,True,True,False
lcdb1000415806,46.969,True,True,False
lcdb1000415818,26.318,False,True,True
lcdb1000415903,29.544,False,True,True
lcdb1000415909,27.541,False,True,True
lcdb1000415914,42.944,True,True,False
lcdb1000416014,36.257,True,True,False
lcdb1000416027,37.852,True,True,False
lcdb1000416038,30.113,True,True,False
lcdb1000416098,36.668,True,True,False
lcdb1000416118,36.541,True,True,False
lcdb1000416184,25.663,False,True,True
lcdb1000416191,37.316,True,True,False
lcdb1000416206,40.888,True,True,False
lcdb1000416216,29.747,False,True,True
lcdb1000416223,43.823,True,True,False
lcdb1000416251,53.347,True,True,False
lcdb1000416260,33.755,True,True,False
lcdb1000416325,24.592,False,True,True
lcdb1000416351,29.307,False,True,True
lcdb1000416361,38.147,True,True,False
lcdb1000416374,28.671,False,True,True
lcdb1000416395,33.969,True,True,False
lcdb1000416411,38.325,True,True,False
lcdb1000416421,39.091,True,True,False
lcdb1000416430,39.942,True,True,False
lcdb1000416452,50.97,True,True,False
lcdb1000416486,34.915,True,True,False
lcdb1000416500,42.97,True,True,False
lcdb1000416512,20.477,False,True,True
lcdb1000416533,47.757,True,True,False
lcdb1000416562,25.67,False,True,True
lcdb1000416569,41.216,True,True,False
lcdb1000416574,37.611,True,True,False
lcdb1000416601,40.82,True,True,False
lcdb1000416608,47.564,True,True,False
lcdb1000416612,40.752,True,True,False
lcdb1000416641,28.747,False,True,True
lcdb1000416646,42.509,True,True,False
lcdb1000416651,39.428,True,True,False
lcdb1000416695,32.926,True,True,False
lcdb1000416701,52.256,True,True,False
lcdb1000416715,33.647,True,True,False
lcdb1000416769,35.366,True,True,False
lcdb1000416778,37.244,True,True,False
lcdb1000416802,38.733,True,True,False
lcdb1000416839,47.648,True,True,False
lcdb1000416862,40.615,True,True,False
lcdb1000416869,42.164,True,True,False
lcdb1000416895,44.368,True,True,False
lcdb1000416909,39.913,True,True,False
lcdb1000416939,37.627,True,True,False
lcdb1000416981,34.226,True,True,False
lcdb1000417014,37.378,True,True,False
lcdb1000417033,34.596,True,True,False
lcdb1000417038,43.925,True,True,False
lcdb1000417048,34.766,True,True,False
lcdb1000417056,45.403,True,True,False
lcdb1000417082,47.134,True,True,False
lcdb1000417112,27.537,False,True,True
lcdb1000417115,26.513,False,True,True
lcdb1000417131,46.164,True,True,False
lcdb1000417138,43.76,True,True,False
lcdb1000417205,28.795,False,True,True
lcdb1000417207,36.946,True,True,False
lcdb1000417260,29.504,False,True,True
lcdb1000417301,39.449,True,True,False
lcdb1000417306,59.171,True,True,False
lcdb1000417310,48.86,True,True,False
lcdb1000417342,38.159,True,True,False
lcdb1000417347,23.545,False,True,True
lcdb1000417357,31.785,True,True,False
lcdb1000417371,39.094,True,True,False
lcdb1000417388,36.43,True,True,False
lcdb1000417424,46.921,True,True,False
lcdb1000417431,29.007,False,True,True
lcdb1000417434,33.902,True,True,False
lcdb1000417448,33.529,True,True,False
lcdb1000417456,34.968,True,True,False
lcdb1000417461,44.303,True,True,False
lcdb1000417482,38.257,True,True,False
lcdb1000417550,33.226,True,True,False
lcdb1000417557,36.047,True,True,False
lcdb1000417564,25.86,False,True,True
lcdb1000417565,19.007,False,True,True
lcdb1000417583,33.133,True,True,False
lcdb1000417597,25.635,False,True,True
lcdb1000417601,33.215,True,True,False
lcdb1000417614,32.131,True,True,False
lcdb1000417624,24.477,False,True,True
lcdb1000417652,48.359,True,True,False
lcdb1000417696,33.396,True,True,False
lcdb1000417732,23.588,False,True,True
lcdb1000417738,40.879,True,True,False
lcdb1000417747,42.019,True,True,False
lcdb1000417763,24.497,False,True,True
lcdb1000417770,45.779,True,True,False
lcdb1000417797,38.011,True,True,False
lcdb1000417799,40.135,True,True,False
lcdb1000417811,30.62,True,True,False
lcdb1000417817,22.375,False,True,True
lcdb1000417845,40.415,True,True,False
lcdb1000417868,38.002,True,True,False
lcdb1000417897,52.421,True,True,False
lcdb1000417905,39.288,True,True,False
lcdb1000417919,40.296,True,True,False
lcdb1000417937,29.757,False,True,True
lcdb1000417955,37.528,True,True,False
lcdb1000417968,40.461,True,True,False
lcdb1000417987,22.673,False,True,True
lcdb1000417997,42.031,True,True,False
lcdb1000418022,31.264,True,True,False
lcdb1000418065,38.786,True,True,False
lcdb1000418095,35.244,True,True,False
lcdb1000418158,51.505,True,True,False
lcdb1000418164,34.376,True,True,False
lcdb1000418184,27.649,False,True,True
lcdb1000418202,36.548,True,True,False
lcdb1000418275,33.252,True,True,False
lcdb1000418287,32.198,True,True,False
lcdb1000418337,39.79,True,True,False
lcdb1000418357,24.579,False,True,True
lcdb1000418363,31.473,True,True,False
lcdb1000418365,33.679,True,True,False
lcdb1000418390,49.124,True,True,False
lcdb1000418422,32.258,True,True,False
lcdb1000418430,36.519,True,True,False
lcdb1000418480,37.406,True,True,False
lcdb1000418519,44.761,True,True,False
lcdb1000418550,19.503,False,True,True
lcdb1000418567,30.329,True,True,False
lcdb1000418569,32.778,True,True,False
lcdb1000418573,43.324,True,True,False
lcdb1000418593,26.35,False,True,True
lcdb1000418618,45.665,True,True,False
lcdb1000418659,34.05,True,True,False
lcdb1000418660,30.687,True,True,False
lcdb1000418673,32.046,True,True,False
lcdb1000418680,32.094,True,True,False
lcdb1000418687,31.508,True,True,False
lcdb1000418714,40.505,True,True,False
lcdb1000418715,28.355,False,True,True
lcdb1000418727,38.838,True,True,False
lcdb1000418735,39.039,True,True,False
lcdb1000418742,35.642,True,True,False
lcdb1000418754,22.701,False,True,True
lcdb1000418778,28.976,False,True,True
lcdb1000418779,41.119,True,True,False
lcdb1000418780,35.335,True,True,False
lcdb1000418790,31.658,True,True,False
lcdb1000418802,39.174,True,True,False
lcdb1000418803,40.476,True,True,False
lcdb1000418808,33.415,True,True,False
lcdb1000418818,39.938,True,True,False
lcdb1000418819,33.651,True,True,False
lcdb1000418892,22.962,False,True,True
lcdb1000418904,44.37,True,True,False
lcdb1000418958,36.133,True,True,False
lcdb1000418970,22.087,False,True,True
lcdb1000418982,38.403,True,True,False
lcdb1000418992,34.848,True,True,False
lcdb1000419012,38.933,True,True,False
lcdb1000419025,32.781,True,True,False
lcdb1000419037,36.002,True,True,False
lcdb1000419088,31.681,True,True,False
lcdb1000419102,29.52,False,True,True
lcdb1000419134,25.788,False,True,True
lcdb1000419203,39.619,True,True,False
lcdb1000419205,26.254,False,True,True
lcdb1000419206,27.245,False,True,True
lcdb1000419209,36.911,True,True,False
lcdb1000419235,21.662,False,True,True
lcdb1000419304,38.838,True,True,False
lcdb1000419308,28.894,False,True,True
lcdb1000419346,31.168,True,True,False
lcdb1000419364,32.39,True,True,False
lcdb1000419375,20.171,False,True,True
lcdb1000419416,18.494,False,True,True
lcdb1000419420,33.555,True,True,False
lcdb1000419429,20.389,False,True,True
lcdb1000419443,26.343,False,True,True
lcdb1000419452,35.703,True,True,False
lcdb1000419467,36.775,True,True,False
lcdb1000419476,37.45,True,True,False
lcdb1000419487,35.174,True,True,False
lcdb1000419513,32.503,True,True,False
lcdb1000419542,24.737,False,True,True
lcdb1000419551,36.079,True,True,False
lcdb1000419599,25.547,False,True,True
lcdb1000419643,32.195,True,True,False
lcdb1000419649,23.877,False,True,True
lcdb1000419693,32.899,True,True,False
lcdb1000419702,22.971,False,True,True
lcdb1000419722,35.446,True,True,False
lcdb1000419748,33.91,True,True,False
lcdb1000419756,31.962,True,True,False
lcdb1000419763,30.153,True,True,False
lcdb1000419773,29.596,False,True,True
lcdb1000419784,28.005,False,True,True
lcdb1000419823,39.958,True,True,False
lcdb1000419824,34.781,True,True,False
lcdb1000419851,23.536,False,True,True
lcdb1000419859,31.958,True,True,False
lcdb1000419878,23.69,False,True,True
lcdb1000419887,38.323,True,True,False
lcdb1000419918,31.236,True,True,False
lcdb1000419946,19.107,False,True,True
lcdb1000419949,37.703,True,True,False
lcdb1000419951,26.245,False,True,True
lcdb1000419975,28.005,False,True,True
lcdb1000419980,35.107,True,True,False
lcdb1000420014,35.841,True,True,False
lcdb1000420025,33.061,True,True,False
lcdb1000420029,19.567,False,True,True
lcdb1000420067,29.482,False,True,True
lcdb1000420083,27.749,False,True,True
lcdb1000420088,26.041,False,True,True
lcdb1000420130,35.562,True,True,False
lcdb1000420152,29.071,False,True,True
lcdb1000420171,34.142,True,True,False
lcdb1000420177,25.556,False,True,True
lcdb1000420192,28.09,False,True,True
lcdb1000420197,35.568,True,True,False
lcdb1000420250,21.407,False,True,True
lcdb1000420269,25.935,False,True,True
lcdb1000420294,27.705,False,True,True
lcdb1000420315,37.442,True,True,False
lcdb1000420369,31.509,True,True,False
lcdb1000420390,39.511,True,True,False
lcdb1000420415,31.537,True,True,False
lcdb1000420445,29.294,False,True,True
lcdb1000420541,31.287,True,True,False
lcdb1000420546,31.183,True,True,False
lcdb1000420581,31.543,True,True,False
lcdb1000420593,30.148,True,True,False
lcdb1000420610,39.54,True,True,False
lcdb1000420686,24.009,False,True,True
lcdb1000420697,19.892,False,True,True
lcdb1000420709,29.853,False,True,True
lcdb1000420785,34.639,True,True,False
lcdb1000420786,22.491,False,True,True
lcdb1000420813,23.44,False,True,True
lcdb1000420876,33.871,True,True,False
lcdb1000420919,25.312,False,True,True
lcdb1000420950,32.782,True,True,False
lcdb1000421064,22.254,False,True,True
lcdb1000421088,31.734,True,True,False
lcdb1000421120,16.703,False,True,True
lcdb1000421124,15.455,False,True,True
lcdb1000421135,27.19,False,True,True
lcdb1000421156,31.598,True,True,False
lcdb1000421210,18.331,False,True,True
lcdb1000421235,20.021,False,True,True
lcdb1000421278,32.666,True,True,False
lcdb1000421361,18.84,False,True,True
lcdb1000421368,29.841,False,True,True
lcdb1000421402,34.5,True,True,False
lcdb1000421406,20.028,False,True,True
lcdb1000421408,20.813,False,True,True
lcdb1000421410,24.758,False,True,True
lcdb1000421433,23.43,False,True,True
lcdb1000421442,19.838,False,True,True
lcdb1000421455,27.471,False,True,True
lcdb1000421566,21.33,False,True,True
lcdb1000421585,27.442,False,True,True
lcdb1000421589,21.652,False,True,True
lcdb1000421702,25.2,False,True,True
lcdb1000421765,18.698,False,False,False
lcdb1000421779,26.108,False,True,True
lcdb1000421783,26.578,False,True,True
lcdb1000421788,22.484,False,True,True
lcdb1000421921,25.679,False,True,True
lcdb1000421944,25.05,False,True,True
lcdb1000421954,25.869,False,True,True
lcdb1000421989,20.173,False,True,True
lcdb1000422006,18.59,False,True,True
lcdb1000422068,25.408,False,True,True
lcdb1000422100,27.963,False,True,True
lcdb1000422126,21.01,False,True,True
lcdb1000422208,27.398,False,True,True
lcdb1000422258,16.868,False,False,False
lcdb1000422287,25.022,False,True,True
lcdb1000422345,25.534,False,True,True
lcdb1000422459,23.063,False,True,True
lcdb1000422481,22.85,False,True,True
lcdb1000422540,22.418,False,True,True
lcdb1000422687,22.477,False,True,True
lcdb1000422716,21.563,False,True,True
lcdb1000422722,15.994,False,False,False
lcdb1000422744,19.296,False,True,True
lcdb1000422756,25.022,False,True,True
lcdb1000422883,19.822,False,True,True
lcdb1000422929,20.947,False,True,True
lcdb1000422941,25.014,False,True,True
lcdb1000422975,24.215,False,True,True
lcdb1000422977,28.314,False,True,True
lcdb1000423002,18.242,False,True,True
lcdb1000423074,25.007,False,True,True
lcdb1000423094,18.192,False,True,True
lcdb1000423320,19.489,False,True,True
lcdb1000423359,22.818,False,True,True
lcdb1000423458,21.643,False,True,True
lcdb1000423483,20.735,False,True,True
lcdb1000423566,19.831,False,True,True
lcdb1000423995,13.519,False,False,False
lcdb1000450015,202.262,True,True,False
lcdb1000450047,391.758,True,True,False
lcdb1000450055,222.741,True,True,False
lcdb1000450100,302.261,True,True,False
lcdb1000450182,87.121,True,True,False
lcdb1000450198,255.013,True,True,False
lcdb1000450220,69.845,True,True,False
lcdb1000450278,68.442,True,True,False
lcdb1000450330,105.873,True,True,False
lcdb1000450366,240.995,True,True,False
lcdb1000450458,74.826,True,True,False
lcdb1000450517,136.963,True,True,False
lcdb1000450555,50.488,True,True,False
lcdb1000450624,33.725,True,True,False
lcdb1000450630,162.679,True,True,False
lcdb1000450639,116.872,True,True,False
lcdb1000450717,85.485,True,True,False
lcdb1000450898,113.091,True,True,False
lcdb1000450903,71.488,True,True,False
lcdb1000450930,79.92,True,True,False
lcdb1000451048,139.961,True,True,False
lcdb1000451068,45.559,True,True,False
lcdb1000451132,96.605,True,True,False
lcdb1000451177,58.076,True,True,False
lcdb1000451202,59.797,True,True,False
lcdb1000451394,37.306,True,True,False
lcdb1000451460,111.933,True,True,False
lcdb1000451919,80.509,True,True,False
lcdb1000451927,56.08,True,True,False
lcdb1000451965,84.471,True,True,False
lcdb1000452124,79.677,True,True,False
lcdb1000452165,54.929,True,True,False
lcdb1000452200,71.8,True,True,False
lcdb1000452227,50.724,True,True,False
lcdb1000452238,56.615,True,True,False
lcdb1000452291,89.065,True,True,False
lcdb1000452371-part-1,0.002,False,False,False
lcdb1000452371-part-2,24.042,False,True,True
lcdb1000452703,59.674,True,True,False
lcdb1000452770,71.439,True,True,False
lcdb1000452836,70.164,True,True,False
lcdb1000453025,79.59,True,True,False
lcdb1000453054,90.921,True,True,False
lcdb1000453140,55.451,True,True,False
lcdb1000453190,63.012,True,True,False
lcdb1000453224,0.001,False,False,False
lcdb1000453400,66.523,True,True,False
lcdb1000453434,22.458,False,True,True
lcdb1000453583,24.23,False,True,True
lcdb1000453600,36.665,True,True,False
lcdb1000453837,34.943,True,True,False
lcdb1000453894,63.702,True,True,False
lcdb1000453900,40.367,True,True,False
lcdb1000454036,50.089,True,True,False
lcdb1000454256,52.166,True,True,False
lcdb1000454693,71.718,True,True,False
lcdb1000454942,64.499,True,True,False
lcdb1000455029,42.212,True,True,False
lcdb1000455067,34.703,True,True,False
lcdb1000455109,33.61,True,True,False
lcdb1000455129,25.191,False,True,True
lcdb1000455135,41.222,True,True,False
lcdb1000455223,46.571,True,True,False
lcdb1000455348,65.061,True,True,False
lcdb1000455399,46.391,True,True,False
lcdb1000455520,64.543,True,True,False
lcdb1000455702,46.649,True,True,False
lcdb1000455712,54.232,True,True,False
lcdb1000455716,39.724,True,True,False
lcdb1000455870,29.638,False,True,True
lcdb1000456299,57.519,True,True,False
lcdb1000456419,29.817,False,True,True
lcdb1000457407,57.874,True,True,False
lcdb1000457449,39.756,True,True,False
lcdb1000457650,40.923,True,True,False
lcdb1000457961,53.182,True,True,False
lcdb1000458300,26.693,False,True,True
lcdb1000458414,52.89,True,True,False
lcdb1000459008,35.966,True,True,False
lcdb1000459289,41.526,True,True,False
lcdb1000459694,45.317,True,True,False
lcdb1000459715,26.225,False,True,True
lcdb1000459753-part-1,0.001,False,False,False
lcdb1000459753-part-2,1.273,False,False,False
lcdb1000459753-part-3,1.591,False,False,False
lcdb1000459753-part-4,0.0,False,False,False
lcdb1000460038-part-1,2.333,False,False,False
lcdb1000460038-part-2,4.926,False,False,False
lcdb1000460038-part-3,0.001,False,False,False
lcdb1000460236,34.588,True,True,False
lcdb1000460365,42.154,True,True,False
lcdb1000460736,50.512,True,True,False
lcdb1000460753,22.183,False,True,True
lcdb1000461104,40.473,True,True,False
lcdb1000461575,38.331,True,True,False
lcdb1000461909,44.241,True,True,False
lcdb1000462358-part-1,0.001,False,False,False
lcdb1000462358-part-2,25.038,False,True,True
lcdb1000462574,29.128,False,True,True
lcdb1000463333,34.602,True,True,False
lcdb1000463348,36.03,True,True,False
lcdb1000463636,23.563,False,True,True
lcdb1000463743,28.119,False,True,True
lcdb1000463752,28.441,False,True,True
lcdb1000463798,36.171,True,True,False
lcdb1000463799,38.444,True,True,False
lcdb1000463809,45.355,True,True,False
lcdb1000463821,30.83,True,True,False
lcdb1000463822,40.928,True,True,False
lcdb1000463915,31.572,True,True,False
lcdb1000463929,17.264,False,True,True
lcdb1000463953,19.248,False,True,True
lcdb1000463971,28.329,False,True,True
lcdb1000463974,34.701,True,True,False
lcdb1000463995,25.636,False,True,True
lcdb1000464004,16.407,False,True,True
lcdb1000464005,39.187,True,True,False
lcdb1000464026,37.184,True,True,False
lcdb1000464029,27.873,False,True,True
lcdb1000464056,19.824,False,True,True
lcdb1000464089,20.36,False,True,True
lcdb1000464103,14.169,False,False,False
lcdb1000464147,29.873,False,True,True
lcdb1000464154,30.492,True,True,False
lcdb1000464171,26.872,False,True,True
lcdb1000464177,17.902,False,True,True
lcdb1000464192,35.144,True,True,False
lcdb1000464193,18.957,False,True,True
lcdb1000464206,29.422,False,True,True
lcdb1000464208,20.011,False,True,True
lcdb1000464226,19.532,False,True,True
lcdb1000464228,27.553,False,True,True
lcdb1000464238,22.972,False,True,True
lcdb1000464241,20.476,False,True,True
lcdb1000464242,26.716,False,True,True
lcdb1000464250,30.456,True,True,False
lcdb1000464255,21.466,False,True,True
lcdb1000464264,16.751,False,True,True
lcdb1000464288,7.973,False,False,False
lcdb1000464293,9.11,False,False,False
lcdb1000464301,26.689,False,True,True
lcdb1000464314,23.034,False,True,True
lcdb1000464324,16.399,False,True,True
lcdb1000464336,22.308,False,True,True
lcdb1000464338,20.202,False,True,True
lcdb1000464349,21.382,False,True,True
lcdb1000464382,15.783,False,True,True
lcdb1000464385,8.952,False,False,False
lcdb1000464387,11.475,False,False,False
lcdb1000464390,12.633,False,False,False
lcdb1000500003,147.438,True,True,False
lcdb1000500200-part-1,4.119,False,False,False
lcdb1000500200-part-2,16.616,False,False,False
lcdb1000500200-part-3,5.795,False,False,False
lcdb1000500200-part-4,172.544,True,True,False
lcdb1000500200-part-5,6.154,False,False,False
lcdb1000500331,54.665,True,True,False
lcdb1000502944,1.565,False,False,False
lcdb1000504483-part-1,57.653,True,True,False
lcdb1000504483-part-2,1.005,False,False,False
lcdb1000505937-part-1,28.884,False,True,True
lcdb1000505937-part-2,10.648,False,False,False
lcdb1000509295,29.629,False,True,True
lcdb1000509992,6.561,False,False,False
lcdb1000514170,3.55,False,False,False
lcdb1000515246,24.721,False,True,True
lcdb1000609823,40.376,True,True,False
lcdb1000609847,53.377,True,True,False
lcdb1000609848,53.487,True,True,False
lcdb1000609942,50.406,True,True,False
lcdb1000609944,37.367,True,True,False
lcdb1000609945,37.617,True,True,False
lcdb1000609946,41.414,True,True,False
lcdb1000609947,49.729,True,True,False
lcdb1000609951,47.802,True,True,False
lcdb1000609990,59.169,True,True,False
lcdb1000609991,99.741,True,True,False
lcdb1000610088,35.998,True,True,False
lcdb1000610108,21.911,False,True,True
lcdb1000610109,28.773,False,True,True
lcdb1000610115,50.771,True,True,False
lcdb1000610116,40.958,True,True,False
lcdb1000610163,80.857,True,True,False
lcdb1000610165,6.473,False,False,False
lcdb1000610171,42.436,True,True,False
lcdb1000610172,33.576,True,True,False
lcdb1000610173,23.253,False,True,True
lcdb1000610174,49.583,True,True,False
lcdb1000610834,34.083,True,True,False
lcdb1000610835,66.621,True,True,False
lcdb1000610836,43.063,True,True,False
lcdb1000610837,35.418,True,True,False
lcdb1000610838,34.083,True,True,False
lcdb1000610839,50.973,True,True,False
lcdb1000610840,107.445,True,True,False
lcdb1000610841,29.499,False,True,True
lcdb1000610848,29.044,False,True,True
lcdb1000610849,23.378,False,True,True
lcdb1000610857,68.24,True,True,False
lcdb1000610897,59.037,True,True,False
lcdb1000610898,60.234,True,True,False
lcdb1000610899,43.463,True,True,False
lcdb1000610900,60.673,True,True,False
lcdb1000610901,53.966,True,True,False
lcdb1000610902,71.01,True,True,False
lcdb1000610903,94.374,True,True,False
lcdb1000610904,64.921,True,True,False
lcdb1000610907,46.611,True,True,False
lcdb1000610908,39.393,True,True,False
lcdb1000610909,34.95,True,True,False
lcdb1000610910,18.522,False,True,True
lcdb1000610911,30.516,True,True,False
lcdb1000610913,35.921,True,True,False
lcdb1000610914,39.674,True,True,False
lcdb1000610915,15.32,False,True,True
lcdb1000610917,53.556,True,True,False
lcdb1000610918,33.785,True,True,False
lcdb1000610919,49.716,True,True,False
lcdb1000610920,52.341,True,True,False
lcdb1000610922,44.874,True,True,False
lcdb1000610923,45.25,True,True,False
lcdb1000610926,44.447,True,True,False
lcdb1000610927,56.853,True,True,False
lcdb1000610928,24.586,False,True,True
lcdb1000610933,53.228,True,True,False
lcdb1000610935,64.657,True,True,False
lcdb1000610937,26.365,False,True,True
lcdb1000610956-part-1,3.362,False,False,False
lcdb1000610956-part-10,0.0,False,False,False
lcdb1000610956-part-11,7.446,False,False,False
lcdb1000610956-part-12,5.366,False,False,False
lcdb1000610956-part-13,0.002,False,False,False
lcdb1000610956-part-14,1.033,False,False,False
lcdb1000610956-part-15,6.045,False,False,False
lcdb1000610956-part-2,8.382,False,False,False
lcdb1000610956-part-3,0.001,False,False,False
lcdb1000610956-part-4,0.0,False,False,False
lcdb1000610956-part-5,0.0,False,False,False
lcdb1000610956-part-6,5.265,False,False,False
lcdb1000610956-part-7,4.296,False,False,False
lcdb1000610956-part-8,0.544,False,False,False
lcdb1000610956-part-9,0.0,False,False,False
lcdb1000610958,58.278,True,True,False
lcdb1000610960,38.158,True,True,False
lcdb1000610981,37.939,True,True,False
lcdb1000611170-part-1,9.891,False,False,False
lcdb1000611170-part-2,0.005,False,False,False
lcdb1000611205,91.158,True,True,False
lcdb1000611216,31.963,True,True,False
lcdb1000611220,50.002,True,True,False
lcdb1000611221,25.528,False,True,True
lcdb1000611222,40.681,True,True,False
lcdb1000611223,35.799,True,True,False
lcdb1000611224,43.965,True,True,False
lcdb1000611225,28.541,False,True,True
lcdb1000611226,40.438,True,True,False
lcdb1000611227,39.604,True,True,False
lcdb1000611228,31.997,True,True,False
lcdb1000611229,39.792,True,True,False
lcdb1000611231,82.1,True,True,False
lcdb1000611235,29.402,False,True,True
lcdb1000611236,146.781,True,True,False
lcdb1000611237,32.373,True,True,False
lcdb1000611238,30.943,True,True,False
lcdb1000611239,28.002,False,True,True
lcdb1000611241,39.171,True,True,False
lcdb1000611242,96.398,True,True,False
lcdb1000611243,30.977,True,True,False
lcdb1000611244,44.644,True,True,False
lcdb1000611245,33.933,True,True,False
lcdb1000611246,34.071,True,True,False
lcdb1000611247,29.7,False,True,True
lcdb1000611248,44.958,True,True,False
lcdb1000611249,71.952,True,True,False
lcdb1000611250,64.808,True,True,False
lcdb1000611251,46.98,True,True,False
lcdb1000611253,48.253,True,True,False
lcdb1000611254,37.115,True,True,False
lcdb1000611256,60.421,True,True,False
lcdb1000611257,29.753,False,True,True
lcdb1000611258,45.438,True,True,False
lcdb1000611259,59.34,True,True,False
lcdb1000611260,43.491,True,True,False
lcdb1000611268,123.104,True,True,False
lcdb1000611274,70.941,True,True,False
lcdb1000611275,53.815,True,True,False
lcdb1000611276,26.527,False,True,True
lcdb1000611277,39.827,True,True,False
lcdb1000611279,74.467,True,True,False
lcdb1000611280,47.75,True,True,False
lcdb1000611281,36.476,True,True,False
lcdb1000611282,34.151,True,True,False
lcdb1000611283,39.275,True,True,False
lcdb1000611284,78.084,True,True,False
lcdb1000611285,61.063,True,True,False
lcdb1000611286,64.182,True,True,False
lcdb1000611287,79.894,True,True,False
lcdb1000611288,98.426,True,True,False
lcdb1000611289,30.751,True,True,False
lcdb1000611290,71.505,True,True,False
lcdb1000611291,56.015,True,True,False
lcdb1000611292,67.36,True,True,False
lcdb1000611295,37.581,True,True,False
lcdb1000611296,41.311,True,True,False
lcdb1000611297,39.981,True,True,False
lcdb1000611298,61.124,True,True,False
lcdb1000611299,90.93,True,True,False
lcdb1000611300,111.502,True,True,False
lcdb1000611301,27.284,False,True,True
lcdb1000611302,115.692,True,True,False
lcdb1000611303,82.289,True,True,False
lcdb1000611304,61.058,True,True,False
lcdb1000611305,127.516,True,True,False
lcdb1000611306,39.895,True,True,False
lcdb1000611307,79.07,True,True,False
lcdb1000611308,68.375,True,True,False
lcdb1000611309,71.998,True,True,False
lcdb1000611310,74.108,True,True,False
lcdb1000611311,34.633,True,True,False
lcdb1000611312,33.11,True,True,False
lcdb1000611313,64.462,True,True,False
lcdb1000611314,40.224,True,True,False
lcdb1000611315,59.529,True,True,False
lcdb1000611316,60.835,True,True,False
lcdb1000611317,38.181,True,True,False
lcdb1000611335,45.017,True,True,False
lcdb1000611350,50.152,True,True,False
lcdb1000611415,50.597,True,True,False
lcdb1000611422,35.019,True,True,False
lcdb1000611423,51.158,True,True,False
lcdb1000611427,56.819,True,True,False
lcdb1000611428,34.765,True,True,False
lcdb1000611430,43.0,True,True,False
lcdb1000611431,23.348,False,True,True
lcdb1000611432,23.096,False,True,True
lcdb1000611433,17.525,False,True,True
lcdb1000611437,33.547,True,True,False
lcdb1000611438,39.989,True,True,False
lcdb1000611440,73.993,True,True,False
lcdb1000611441,38.952,True,True,False
lcdb1000611443,63.379,True,True,False
lcdb1000611479,44.403,True,True,False
lcdb1000611488,36.961,True,True,False
lcdb1000611489,67.499,True,True,False
lcdb1000611494,71.46,True,True,False
lcdb1000611495,79.558,True,True,False
lcdb1000611496,41.165,True,True,False
lcdb1000611497,88.018,True,True,False
lcdb1000611499,39.463,True,True,False
lcdb1000611500,56.959,True,True,False
lcdb1000611502,51.942,True,True,False
lcdb1000611515,81.343,True,True,False
lcdb1000611516,71.864,True,True,False
lcdb1000611517,69.312,True,True,False
lcdb1000611518,169.608,True,True,False
lcdb1000611520,160.799,True,True,False
lcdb1000611522,102.814,True,True,False
lcdb1000611523,49.584,True,True,False
lcdb1000611524-part-1,110.678,True,True,False
lcdb1000611524-part-2,4.882,False,False,False
lcdb1000611525,31.731,True,True,False
lcdb1000611526,42.172,True,True,False
lcdb1000611527,36.176,True,True,False
lcdb1000611528,49.875,True,True,False
lcdb1000611529,122.183,True,True,False
lcdb1000611530,48.121,True,True,False
lcdb1000611531,68.166,True,True,False
lcdb1000611534,46.393,True,True,False
lcdb1000611538,55.105,True,True,False
lcdb1000611539,68.857,True,True,False
lcdb1000611540,43.477,True,True,False
lcdb1000611541,35.473,True,True,False
lcdb1000611542,70.262,True,True,False
lcdb1000611543,64.342,True,True,False
lcdb1000611544,51.649,True,True,False
lcdb1000611545,38.152,True,True,False
lcdb1000611546,32.452,True,True,False
lcdb1000611547,81.031,True,True,False
lcdb1000611548,83.429,True,True,False
lcdb1000611549,93.945,True,True,False
lcdb1000611550,60.495,True,True,False
lcdb1000611551,31.158,True,True,False
lcdb1000611553,37.445,True,True,False
lcdb1000611595,58.761,True,True,False
lcdb1000611596,194.564,True,True,False
lcdb1000611597,134.561,True,True,False
lcdb1000611599,54.947,True,True,False
lcdb1000611600,98.114,True,True,False
lcdb1000611603,59.13,True,True,False
lcdb1000611607,113.788,True,True,False
lcdb1000611610,139.606,True,True,False
lcdb1000611613,67.882,True,True,False
lcdb1000611614,55.864,True,True,False
lcdb1000611615,152.779,True,True,False
lcdb1000611617,223.406,True,True,False
lcdb1000611619,71.377,True,True,False
lcdb1000611620,59.016,True,True,False
lcdb1000611630,134.806,True,True,False
lcdb1000611631,237.538,True,True,False
lcdb1000611633,44.652,True,True,False
lcdb1000611637,29.883,False,True,True
lcdb1000611640,19.996,False,True,True
lcdb1000611641,39.727,True,True,False
lcdb1000611645,9.169,False,False,False
lcdb1000611662,16.045,False,True,True
lcdb1000611664,49.391,True,True,False
lcdb1000611665,30.432,True,True,False
lcdb1000611666,31.262,True,True,False
lcdb1000611669,28.663,False,True,True
lcdb1000611670,26.584,False,True,True
lcdb1000611697,50.507,True,True,False
lcdb1000611701,5.83,False,False,False
lcdb1000611702-part-1,2.006,False,False,False
lcdb1000611702-part-2,193.572,True,True,False
lcdb1000611702-part-3,6.902,False,False,False
lcdb1000611706,24.371,False,True,True
lcdb1000611708,75.852,True,True,False
lcdb1000611709,39.203,True,True,False
lcdb1000611711,57.541,True,True,False
lcdb1000611712,39.415,True,True,False
lcdb1000611713,41.667,True,True,False
lcdb1000611714,27.328,False,True,True
lcdb1000611715,39.207,True,True,False
lcdb1000611716,33.852,True,True,False
lcdb1000611717,66.525,True,True,False
lcdb1000611718,40.535,True,True,False
lcdb1000611719,51.271,True,True,False
lcdb1000611721,31.427,True,True,False
lcdb1000611722,43.354,True,True,False
lcdb1000611723,69.134,True,True,False
lcdb1000611726,52.893,True,True,False
lcdb1000611733,40.847,True,True,False
lcdb1000611738,55.661,True,True,False
lcdb1000611743,63.208,True,True,False
lcdb1000611745,151.416,True,True,False
lcdb1000611746,147.509,True,True,False
lcdb1000611747,58.138,True,True,False
lcdb1000611763,54.234,True,True,False
lcdb1000611764,36.932,True,True,False
lcdb1000611765,40.532,True,True,False
lcdb1000611766,46.883,True,True,False
lcdb1000611771,76.929,True,True,False
lcdb1000611772,58.582,True,True,False
lcdb1000611773,53.368,True,True,False
lcdb1000611774,113.691,True,True,False
lcdb1000611775,43.667,True,True,False
lcdb1000611776,66.458,True,True,False
lcdb1000611778,34.688,True,True,False
lcdb1000611779,115.722,True,True,False
lcdb1000611781,79.698,True,True,False
lcdb1000611782,42.389,True,True,False
lcdb1000611817-part-1,15.713,False,True,True
lcdb1000611817-part-2,1.626,False,False,False
lcdb1000611817-part-3,0.139,False,False,False
lcdb1000611819,58.15,True,True,False
lcdb1000611820,91.539,True,True,False
lcdb1000611821,54.962,True,True,False
lcdb1000611822,22.353,False,True,True
lcdb1000611827,176.751,True,True,False
lcdb1000611828,96.921,True,True,False
lcdb1000611829,41.682,True,True,False
lcdb1000611835,52.93,True,True,False
lcdb1000611836,49.114,True,True,False
lcdb1000611837,16.315,False,True,True
lcdb1000611838,33.874,True,True,False
lcdb1000611839,48.085,True,True,False
lcdb1000611840,54.731,True,True,False
lcdb1000611841,19.824,False,True,True
lcdb1000611842,108.082,True,True,False
lcdb1000611843,48.781,True,True,False
lcdb1000611844,66.596,True,True,False
lcdb1000611845,70.319,True,True,False
lcdb1000611846,61.966,True,True,False
lcdb1000611848,40.994,True,True,False
lcdb1000611849,35.18,True,True,False
lcdb1000611850,67.803,True,True,False
lcdb1000611851,70.266,True,True,False
lcdb1000611852,61.593,True,True,False
lcdb1000611856,44.164,True,True,False
lcdb1000611857,35.142,True,True,False
lcdb1000611858,56.293,True,True,False
lcdb1000611859,32.549,True,True,False
lcdb1000611860,49.34,True,True,False
lcdb1000611861,53.056,True,True,False
lcdb1000611862,63.875,True,True,False
lcdb1000611863,77.551,True,True,False
lcdb1000611864,52.017,True,True,False
lcdb1000611867,47.886,True,True,False
lcdb1000611868,58.636,True,True,False
lcdb1000611869,60.177,True,True,False
lcdb1000611870,63.583,True,True,False
lcdb1000611871,86.643,True,True,False
lcdb1000611872,16.196,False,False,False
lcdb1000611874,9.688,False,False,False
lcdb1000611875,25.46,False,True,True
lcdb1000611878,19.721,False,True,True
lcdb1000611892,45.783,True,True,False
lcdb1000611893,58.454,True,True,False
lcdb1000611894,28.11,False,True,True
lcdb1000611895,39.157,True,True,False
lcdb1000611898,38.65,True,True,False
lcdb1000611900,43.021,True,True,False
lcdb1000611901,65.622,True,True,False
lcdb1000611902,42.919,True,True,False
lcdb1000611903,31.799,True,True,False
lcdb1000611904,24.574,False,True,True
lcdb1000611907,37.943,True,True,False
lcdb1000611928,133.479,True,True,False
lcdb1000611929,71.263,True,True,False
lcdb1000611930,81.519,True,True,False
lcdb1000611931,32.954,True,True,False
lcdb1000611932,69.127,True,True,False
lcdb1000611933,197.481,True,True,False
lcdb1000611934,91.648,True,True,False
lcdb1000611935,44.488,True,True,False
lcdb1000611936,351.045,True,True,False
lcdb1000611937,110.699,True,True,False
lcdb1000611938,59.3,True,True,False
lcdb1000611939,17.215,False,True,True
lcdb1000611940,22.435,False,True,True
lcdb1000611941,23.136,False,True,True
lcdb1000611945,37.664,True,True,False
lcdb1000611946,28.859,False,True,True
lcdb1000611951,47.984,True,True,False
lcdb1000611952,23.104,False,True,True
lcdb1000611953,55.837,True,True,False
lcdb1000611954,6.08,False,False,False
lcdb1000611955,16.803,False,True,True
lcdb1000611956,50.605,True,True,False
lcdb1000611957,26.429,False,True,True
lcdb1000612006,36.624,True,True,False
lcdb1000612009,55.041,True,True,False
lcdb1000612013,87.811,True,True,False
lcdb1000612023,59.048,True,True,False
lcdb1000612033,35.051,True,True,False
lcdb1000612358,46.212,True,True,False
lcdb1000612359,46.524,True,True,False
lcdb1000612714,34.379,True,True,False
lcdb1000612764,62.693,True,True,False
lcdb1000612768,74.791,True,True,False
lcdb1000612807,46.778,True,True,False
lcdb1000618459,68.381,True,True,False
lcdb1000618462,324.994,True,True,False
lcdb1000700385,128.965,True,True,False
lcdb1000700386,236.788,True,True,False
lcdb1000700387,102.148,True,True,False
lcdb1000700390,72.426,True,True,False
lcdb1000700391,135.791,True,True,False
lcdb1000700638,46.151,True,True,False
lcdb1000700639,43.713,True,True,False
lcdb1000700650,81.359,True,True,False
lcdb1000700651,77.844,True,True,False
lcdb1000700719,35.08,True,True,False
lcdb1000700720,181.776,True,True,False
lcdb1000700721,59.809,True,True,False
lcdb1000700722,251.101,True,True,False
lcdb1000700723,92.09,True,True,False
lcdb1000700724,86.837,True,True,False
lcdb1000700725,68.935,True,True,False
lcdb1000700726,99.653,True,True,False
lcdb1000700728,164.636,True,True,False
lcdb1000700730,385.031,True,True,False
lcdb1000700731,100.467,True,True,False
lcdb1000700732,38.969,True,True,False
lcdb1000700733,114.66,True,True,False
lcdb1000700734,180.415,True,True,False
lcdb1000700735,176.122,True,True,False
lcdb1000700736,46.768,True,True,False
lcdb1000700737,199.628,True,True,False
lcdb1000700738,192.888,True,True,False
lcdb1000700739,37.506,True,True,False
lcdb1000700740,148.126,True,True,False
lcdb1000700741,232.725,True,True,False
lcdb1000700742,61.464,True,True,False
lcdb1000700743,149.469,True,True,False
lcdb1000700744,101.58,True,True,False
lcdb1000700745,155.851,True,True,False
lcdb1000700746,100.45,True,True,False
lcdb1000700747,200.172,True,True,False
lcdb1000700748,73.246,True,True,False
lcdb1000700749,61.334,True,True,False
lcdb1000700750,88.486,True,True,False
lcdb1000700751,186.809,True,True,False
lcdb1000700752,175.98,True,True,False
lcdb1000700753,57.552,True,True,False
lcdb1000700754,207.39,True,True,False
lcdb1000700756,203.518,True,True,False
lcdb1000700759,74.654,True,True,False
lcdb1000700763,417.162,True,True,False
lcdb1000700766,85.469,True,True,False
lcdb1000700769,135.155,True,True,False
lcdb1000700770,139.124,True,True,False
lcdb1000700771,179.292,True,True,False
lcdb1000700772,222.606,True,True,False
lcdb1000700776,168.251,True,True,False
lcdb1000700778,74.173,True,True,False
lcdb1000700779,104.247,True,True,False
lcdb1000700781,111.756,True,True,False
lcdb1000700782,62.344,True,True,False
lcdb1000700783,56.813,True,True,False
lcdb1000700785,332.665,True,True,False
lcdb1000700786,116.868,True,True,False
lcdb1000700787,197.628,True,True,False
lcdb1000700791,165.123,True,True,False
lcdb1000700792,254.766,True,True,False
lcdb1000700793,103.601,True,True,False
lcdb1000700794,97.784,True,True,False
lcdb1000700795,257.41,True,True,False
lcdb1000700798,109.821,True,True,False
lcdb1000700835,142.854,True,True,False
lcdb1000700848,366.787,True,True,False
lcdb1000700853,135.876,True,True,False
lcdb1000700854,246.281,True,True,False
lcdb1000700857,206.112,True,True,False
lcdb1000700858,350.036,True,True,False
lcdb1000700860,219.57,True,True,False
lcdb1000700861,209.181,True,True,False
lcdb1000700862,377.126,True,True,False
lcdb1000700863,449.507,True,True,False
lcdb1000700865,227.379,True,True,False
lcdb1000700867,201.974,True,True,False
lcdb1000700870,145.064,True,True,False
lcdb1000700879,197.054,True,True,False
lcdb1000700882,163.556,True,True,False
lcdb1000700885,243.841,True,True,False
lcdb1000700891,194.808,True,True,False
lcdb1000700892,84.477,True,True,False
lcdb1000700925,129.2,True,True,False
lcdb1000700926,149.992,True,True,False
lcdb1000700927,133.131,True,True,False
lcdb2000500026,182.496,True,True,False
lcdb2000500037,279.128,True,True,False
lcdb2000500065,242.622,True,True,False
lcdb2000500071,289.878,True,True,False
lcdb2000500072,374.085,True,True,False
lcdb2000500086,182.948,True,True,False
lcdb2000500132,267.16,True,True,False
lcdb2000500153,206.084,True,True,False
lcdb2000500155,135.433,True,True,False
lcdb2000500191,378.226,True,True,False
lcdb2000500263,150.576,True,True,False
lcdb2000500264,109.482,True,True,False
lcdb2000500290,171.297,True,True,False
lcdb2000500325,331.793,True,True,False
lcdb2000500381,211.672,True,True,False
lcdb2000500392,247.248,True,True,False
lcdb2000500413,323.16,True,True,False
lcdb2000500513,241.038,True,True,False
lcdb2000500618,161.687,True,True,False
lcdb2000500664,218.179,True,True,False
lcdb2000500699,177.07,True,True,False
lcdb2000500757,58.395,True,True,False
lcdb2000500789,151.402,True,True,False
lcdb2000500834,233.444,True,True,False
lcdb2000501004,152.837,True,True,False
lcdb2000501065,176.231,True,True,False
lcdb2000501136,117.71,True,True,False
lcdb2000501220,111.869,True,True,False
lcdb2000501242,180.372,True,True,False
lcdb2000501283,115.595,True,True,False
lcdb2000501301,123.723,True,True,False
lcdb2000501322,139.574,True,True,False
lcdb2000501335,109.818,True,True,False
lcdb2000501336,120.299,True,True,False
lcdb2000501358,199.596,True,True,False
lcdb2000501388,142.042,True,True,False
lcdb2000501490,155.562,True,True,False
lcdb2000501524,101.161,True,True,False
lcdb2000501525,76.989,True,True,False
lcdb2000501567,78.744,True,True,False
lcdb2000501580,159.328,True,True,False
lcdb2000501591,111.502,True,True,False
lcdb2000501758,38.805,True,True,False
lcdb2000501873,134.934,True,True,False
lcdb2000501893,111.572,True,True,False
lcdb2000501973,93.43,True,True,False
lcdb2000502031,71.784,True,True,False
lcdb2000502038,124.045,True,True,False
lcdb2000502237,105.12,True,True,False
lcdb2000502289,179.595,True,True,False
lcdb2000502358,88.378,True,True,False
lcdb2000502445,97.078,True,True,False
lcdb2000502512,125.169,True,True,False
lcdb2000502540,133.981,True,True,False
lcdb2000502588,91.018,True,True,False
lcdb2000502598,93.75,True,True,False
lcdb2000502623,121.112,True,True,False
lcdb2000502634,101.577,True,True,False
lcdb2000502687,125.429,True,True,False
lcdb2000502817,85.235,True,True,False
lcdb2000502864,156.706,True,True,False
lcdb2000502882,72.498,True,True,False
lcdb2000502898,21.482,False,True,True
lcdb2000502943,84.168,True,True,False
lcdb2000503031,97.791,True,True,False
lcdb2000503081,74.925,True,True,False
lcdb2000503095,83.353,True,True,False
lcdb2000503129,97.3,True,True,False
lcdb2000503142,72.607,True,True,False
lcdb2000503209,78.795,True,True,False
lcdb2000503240,79.801,True,True,False
lcdb2000503241,62.0,True,True,False
lcdb2000503267,72.542,True,True,False
lcdb2000503368,50.592,True,True,False
lcdb2000503391,74.394,True,True,False
lcdb2000503430,97.505,True,True,False
lcdb2000503566,67.402,True,True,False
lcdb2000503668,82.508,True,True,False
lcdb2000503747,86.385,True,True,False
lcdb2000503753,95.182,True,True,False
lcdb2000503826,78.271,True,True,False
lcdb2000503840,62.439,True,True,False
lcdb2000503965,135.075,True,True,False
lcdb2000504038,85.344,True,True,False
lcdb2000504093,109.517,True,True,False
lcdb2000504117,62.432,True,True,False
lcdb2000504160,75.008,True,True,False
lcdb2000504166,55.669,True,True,False
lcdb2000504220,143.97,True,True,False
lcdb2000504286,100.024,True,True,False
lcdb2000504361,68.289,True,True,False
lcdb2000504362,129.852,True,True,False
lcdb2000504427,79.767,True,True,False
lcdb2000504440,122.575,True,True,False
lcdb2000504523,89.991,True,True,False
lcdb2000504563,47.159,True,True,False
lcdb2000504641,65.192,True,True,False
lcdb2000504665,89.183,True,True,False
lcdb2000504753,71.636,True,True,False
lcdb2000504801,74.812,True,True,False
lcdb2000504803,93.722,True,True,False
lcdb2000504864,74.875,True,True,False
lcdb2000504895,64.627,True,True,False
lcdb2000504918,37.913,True,True,False
lcdb2000504961,50.552,True,True,False
lcdb2000505110,70.165,True,True,False
lcdb2000505148,46.595,True,True,False
lcdb2000505196,63.826,True,True,False
lcdb2000505203,106.877,True,True,False
lcdb2000505237,68.595,True,True,False
lcdb2000505263,106.252,True,True,False
lcdb2000505287,87.157,True,True,False
lcdb2000505343,68.967,True,True,False
lcdb2000505344,64.726,True,True,False
lcdb2000505385,75.706,True,True,False
lcdb2000505460,96.634,True,True,False
lcdb2000505469,74.078,True,True,False
lcdb2000505522,69.602,True,True,False
lcdb2000505591,74.571,True,True,False
lcdb2000505638,76.64,True,True,False
lcdb2000505643,50.401,True,True,False
lcdb2000505787,62.929,True,True,False
lcdb2000505817,119.363,True,True,False
lcdb2000505858,49.054,True,True,False
lcdb2000505871,42.238,True,True,False
lcdb2000505996,106.508,True,True,False
lcdb2000506051,63.644,True,True,False
lcdb2000506055,111.063,True,True,False
lcdb2000506059,97.502,True,True,False
lcdb2000506097,64.645,True,True,False
lcdb2000506103,88.815,True,True,False
lcdb2000506251,74.114,True,True,False
lcdb2000506341,49.188,True,True,False
lcdb2000506348,45.941,True,True,False
lcdb2000506363,87.402,True,True,False
lcdb2000506368,35.331,True,True,False
lcdb2000506420,35.101,True,True,False
lcdb2000506428,103.759,True,True,False
lcdb2000506438,39.297,True,True,False
lcdb2000506482,96.188,True,True,False
lcdb2000506523,93.912,True,True,False
lcdb2000506527,58.055,True,True,False
lcdb2000506539,58.568,True,True,False
lcdb2000506557,50.663,True,True,False
lcdb2000506785,56.467,True,True,False
lcdb2000506789,51.917,True,True,False
lcdb2000506818,44.69,True,True,False
lcdb2000506913,79.019,True,True,False
lcdb2000506939,78.147,True,True,False
lcdb2000506944,51.294,True,True,False
lcdb2000506956,44.144,True,True,False
lcdb2000507010,53.199,True,True,False
lcdb2000507033,64.754,True,True,False
lcdb2000507038,58.653,True,True,False
lcdb2000507042,79.705,True,True,False
lcdb2000507138,63.05,True,True,False
lcdb2000507151,61.427,True,True,False
lcdb2000507195,76.528,True,True,False
lcdb2000507245,84.647,True,True,False
lcdb2000507258,66.236,True,True,False
lcdb2000507318,84.302,True,True,False
lcdb2000507462,37.444,True,True,False
lcdb2000507513,48.267,True,True,False
lcdb2000507597,74.46,True,True,False
lcdb2000507644,62.796,True,True,False
lcdb2000507647,61.055,True,True,False
lcdb2000507676,68.807,True,True,False
lcdb2000507711,84.065,True,True,False
lcdb2000507731,50.844,True,True,False
lcdb2000507767,27.819,False,True,True
lcdb2000507821,53.093,True,True,False
lcdb2000507870,58.0,True,True,False
lcdb2000507890,85.024,True,True,False
lcdb2000507917,53.59,True,True,False
lcdb2000507923,72.539,True,True,False
lcdb2000507976,43.698,True,True,False
lcdb2000508025,49.847,True,True,False
lcdb2000508053,68.438,True,True,False
lcdb2000508170,45.578,True,True,False
lcdb2000508173,52.218,True,True,False
lcdb2000508215,64.458,True,True,False
lcdb2000508236,37.28,True,True,False
lcdb2000508249,59.59,True,True,False
lcdb2000508283,30.705,True,True,False
lcdb2000508302,77.532,True,True,False
lcdb2000508318,63.211,True,True,False
lcdb2000508347,56.369,True,True,False
lcdb2000508447,46.8,True,True,False
lcdb2000508520,44.03,True,True,False
lcdb2000508560,65.237,True,True,False
lcdb2000508568,63.289,True,True,False
lcdb2000508584,53.574,True,True,False
lcdb2000508640,74.178,True,True,False
lcdb2000508641,61.848,True,True,False
lcdb2000508663,49.542,True,True,False
lcdb2000508711,58.097,True,True,False
lcdb2000508731,86.869,True,True,False
lcdb2000508747,40.706,True,True,False
lcdb2000508762,59.034,True,True,False
lcdb2000508808,77.456,True,True,False
lcdb2000508855,66.35,True,True,False
lcdb2000508936,62.288,True,True,False
lcdb2000508946,63.632,True,True,False
lcdb2000508978,64.776,True,True,False
lcdb2000508987,46.244,True,True,False
lcdb2000509006,51.45,True,True,False
lcdb2000509081,48.42,True,True,False
lcdb2000509108,51.715,True,True,False
lcdb2000509213,51.327,True,True,False
lcdb2000509229,36.394,True,True,False
lcdb2000509231,52.735,True,True,False
lcdb2000509299,39.716,True,True,False
lcdb2000509312,43.566,True,True,False
lcdb2000509321,62.098,True,True,False
lcdb2000509361,51.6,True,True,False
lcdb2000509362,58.226,True,True,False
lcdb2000509447,61.337,True,True,False
lcdb2000509497,35.038,True,True,False
lcdb2000509522,68.547,True,True,False
lcdb2000509560,36.714,True,True,False
lcdb2000509564,67.14,True,True,False
lcdb2000509623,72.464,True,True,False
lcdb2000509672,67.884,True,True,False
lcdb2000509688,54.295,True,True,False
lcdb2000509735,66.96,True,True,False
lcdb2000509745,56.458,True,True,False
lcdb2000509763,34.354,True,True,False
lcdb2000509766,65.003,True,True,False
lcdb2000509799,47.096,True,True,False
lcdb2000509805,64.725,True,True,False
lcdb2000509824,39.953,True,True,False
lcdb2000509825,34.519,True,True,False
lcdb2000509937,73.295,True,True,False
lcdb2000509958,81.318,True,True,False
lcdb2000510021,29.494,False,True,True
lcdb2000510053,53.186,True,True,False
lcdb2000510068,57.99,True,True,False
lcdb2000510117,46.341,True,True,False
lcdb2000510129,69.034,True,True,False
lcdb2000510134,48.275,True,True,False
lcdb2000510175,64.749,True,True,False
lcdb2000510180,35.638,True,True,False
lcdb2000510341,68.258,True,True,False
lcdb2000510431,32.704,True,True,False
lcdb2000510466,45.524,True,True,False
lcdb2000510531,38.981,True,True,False
lcdb2000510612,55.579,True,True,False
lcdb2000510659,53.464,True,True,False
lcdb2000510673,45.511,True,True,False
lcdb2000510723,43.168,True,True,False
lcdb2000510756,43.3,True,True,False
lcdb2000510817,54.655,True,True,False
lcdb2000510872,43.369,True,True,False
lcdb2000510873,40.08,True,True,False
lcdb2000510877-part-1,7.249,False,False,False
lcdb2000510877-part-2,50.57,True,True,False
lcdb2000510909,48.321,True,True,False
lcdb2000510965,57.053,True,True,False
lcdb2000510986,34.603,True,True,False
lcdb2000511011,41.851,True,True,False
lcdb2000511049,67.398,True,True,False
lcdb2000511076,30.734,True,True,False
lcdb2000511111,54.202,True,True,False
lcdb2000511124,66.646,True,True,False
lcdb2000511145,40.701,True,True,False
lcdb2000511170,65.505,True,True,False
lcdb2000511188,52.636,True,True,False
lcdb2000511191,39.972,True,True,False
lcdb2000511192,49.386,True,True,False
lcdb2000511274,72.734,True,True,False
lcdb2000511303,49.236,True,True,False
lcdb2000511349,57.54,True,True,False
lcdb2000511357,33.391,True,True,False
lcdb2000511369,66.418,True,True,False
lcdb2000511577,37.295,True,True,False
lcdb2000511634,52.081,True,True,False
lcdb2000511713,66.123,True,True,False
lcdb2000511770,55.429,True,True,False
lcdb2000511775,35.151,True,True,False
lcdb2000511863,35.99,True,True,False
lcdb2000511883,65.2,True,True,False
lcdb2000511964,40.67,True,True,False
lcdb2000511998,35.397,True,True,False
lcdb2000512024,43.771,True,True,False
lcdb2000512063,44.963,True,True,False
lcdb2000512122,63.106,True,True,False
lcdb2000512152,65.771,True,True,False
lcdb2000512222,37.291,True,True,False
lcdb2000512225,59.841,True,True,False
lcdb2000512239,51.922,True,True,False
lcdb2000512246,58.99,True,True,False
lcdb2000512250,31.805,True,True,False
lcdb2000512254,46.031,True,True,False
lcdb2000512303,50.037,True,True,False
lcdb2000512347,42.83,True,True,False
lcdb2000512361,62.094,True,True,False
lcdb2000512368,37.661,True,True,False
lcdb2000512412,48.72,True,True,False
lcdb2000512496,44.645,True,True,False
lcdb2000512529,54.421,True,True,False
lcdb2000512588,37.157,True,True,False
lcdb2000512593,31.766,True,True,False
lcdb2000512599,26.738,False,True,True
lcdb2000512609,39.791,True,True,False
lcdb2000512647,65.567,True,True,False
lcdb2000512676,57.806,True,True,False
lcdb2000512712,58.539,True,True,False
lcdb2000512821,49.675,True,True,False
lcdb2000512868,20.059,False,True,True
lcdb2000512869,49.66,True,True,False
lcdb2000512871,38.361,True,True,False
lcdb2000512939,47.737,True,True,False
lcdb2000512942,63.55,True,True,False
lcdb2000512955,59.251,True,True,False
lcdb2000512967,31.972,True,True,False
lcdb2000512982,42.273,True,True,False
lcdb2000513005,44.373,True,True,False
lcdb2000513046,54.675,True,True,False
lcdb2000513166,35.72,True,True,False
lcdb2000513196,44.994,True,True,False
lcdb2000513222,50.873,True,True,False
lcdb2000513223,36.296,True,True,False
lcdb2000513233,30.442,True,True,False
lcdb2000513245,42.705,True,True,False
lcdb2000513259,33.602,True,True,False
lcdb2000513265,63.493,True,True,False
lcdb2000513291,37.114,True,True,False
lcdb2000513294,44.347,True,True,False
lcdb2000513335,30.133,True,True,False
lcdb2000513347,41.755,True,True,False
lcdb2000513471,59.378,True,True,False
lcdb2000513487,61.618,True,True,False
lcdb2000513493,24.799,False,True,True
lcdb2000513501,39.476,True,True,False
lcdb2000513532,58.642,True,True,False
lcdb2000513558,41.547,True,True,False
lcdb2000513603,50.986,True,True,False
lcdb2000513698,41.013,True,True,False
lcdb2000513709,43.055,True,True,False
lcdb2000513773,52.589,True,True,False
lcdb2000513805,24.409,False,True,True
lcdb2000513824,38.941,True,True,False
lcdb2000513884,39.672,True,True,False
lcdb2000513984,46.206,True,True,False
lcdb2000514001,46.536,True,True,False
lcdb2000514074,43.422,True,True,False
lcdb2000514099,48.386,True,True,False
lcdb2000514127,37.176,True,True,False
lcdb2000514262,38.546,True,True,False
lcdb2000514293,55.731,True,True,False
lcdb2000514371,42.539,True,True,False
lcdb2000514415,32.388,True,True,False
lcdb2000514425,39.598,True,True,False
lcdb2000514453,37.446,True,True,False
lcdb2000514476,40.605,True,True,False
lcdb2000514482,36.689,True,True,False
lcdb2000514485,40.64,True,True,False
lcdb2000514540,39.249,True,True,False
lcdb2000514614,32.864,True,True,False
lcdb2000514625,15.567,False,False,False
lcdb2000514659,33.934,True,True,False
lcdb2000514666,39.736,True,True,False
lcdb2000514674,48.143,True,True,False
lcdb2000514729,34.078,True,True,False
lcdb2000514794,43.458,True,True,False
lcdb2000514828,39.012,True,True,False
lcdb2000514833,51.561,True,True,False
lcdb2000514863,36.284,True,True,False
lcdb2000514886,20.571,False,True,True
lcdb2000514932,37.759,True,True,False
lcdb2000514965,37.536,True,True,False
lcdb2000514974,42.035,True,True,False
lcdb2000514997,43.63,True,True,False
lcdb2000515021,52.021,True,True,False
lcdb2000515043,31.19,True,True,False
lcdb2000515051,43.715,True,True,False
lcdb2000515090,35.317,True,True,False
lcdb2000515091,37.984,True,True,False
lcdb2000515228,44.532,True,True,False
lcdb2000515262,47.841,True,True,False
lcdb2000515281,33.249,True,True,False
lcdb2000515286,38.898,True,True,False
lcdb2000515305,42.148,True,True,False
lcdb2000515337,37.641,True,True,False
lcdb2000515375,38.704,True,True,False
lcdb2000515425,31.56,True,True,False
lcdb2000515457,34.936,True,True,False
lcdb2000515509,32.632,True,True,False
lcdb2000515524,11.909,False,False,False
lcdb2000515534,41.672,True,True,False
lcdb2000515599,30.131,True,True,False
lcdb2000515660,50.898,True,True,False
lcdb2000515877,28.995,False,True,True
lcdb2000515902,42.067,True,True,False
lcdb2000515912,46.427,True,True,False
lcdb2000515932,36.367,True,True,False
lcdb2000515989,31.491,True,True,False
lcdb2000516106,42.291,True,True,False
lcdb2000516127,32.251,True,True,False
lcdb2000516149,31.238,True,True,False
lcdb2000516174,40.272,True,True,False
lcdb2000516213,32.795,True,True,False
lcdb2000516226,30.82,True,True,False
lcdb2000516265,29.658,False,True,True
lcdb2000516298,30.501,True,True,False
lcdb2000516322,45.377,True,True,False
lcdb2000516330,27.767,False,True,True
lcdb2000516418,40.609,True,True,False
lcdb2000516501,40.497,True,True,False
lcdb2000516524,40.325,True,True,False
lcdb2000516531,34.348,True,True,False
lcdb2000516560,32.755,True,True,False
lcdb2000516619,28.542,False,True,True
lcdb2000516827,41.756,True,True,False
lcdb2000516903,29.973,False,True,True
lcdb2000516915,22.638,False,True,True
lcdb2000516933,41.014,True,True,False
lcdb2000516955,40.931,True,True,False
lcdb2000516971,36.013,True,True,False
lcdb2000517037,28.112,False,True,True
lcdb2000517075,24.505,False,True,True
lcdb2000517086,26.401,False,True,True
lcdb2000517133,30.779,True,True,False
lcdb2000517134,32.568,True,True,False
lcdb2000517144,23.217,False,True,True
lcdb2000517213,30.173,True,True,False
lcdb2000517219,38.171,True,True,False
lcdb2000517232,24.539,False,True,True
lcdb2000517262,36.942,True,True,False
lcdb2000517274,28.373,False,True,True
lcdb2000517327,28.065,False,True,True
lcdb2000517527,32.027,True,True,False
lcdb2000517533,8.521,False,False,False
lcdb2000517536,36.869,True,True,False
lcdb2000517548,37.564,True,True,False
lcdb2000517564,37.821,True,True,False
lcdb2000517569,27.589,False,True,True
lcdb2000517573,28.226,False,True,True
lcdb2000517595,21.814,False,True,True
lcdb2000517596,33.186,True,True,False
lcdb2000517651,2.335,False,False,False
lcdb2000517666,30.678,True,True,False
lcdb2000517672,26.02,False,True,True
lcdb2000517681,36.561,True,True,False
lcdb2000517711,29.781,False,True,True
lcdb2000517748,28.813,False,True,True
lcdb2000517755,11.278,False,False,False
lcdb2000517784,34.075,True,True,False
lcdb2000517798,29.859,False,True,True
lcdb2000517829,19.369,False,True,True
lcdb2000517835,26.18,False,True,True
lcdb2000517839,31.356,True,True,False
lcdb2000517872,23.767,False,True,True
lcdb2000517886,23.155,False,True,True
lcdb2000517899,18.151,False,True,True
lcdb2000517925,32.349,True,True,False
lcdb2000517947,24.562,False,True,True
lcdb2000517949,22.867,False,True,True
lcdb2000517952,30.147,True,True,False
lcdb2000517960,17.719,False,False,False
lcdb2000517973,27.811,False,True,True
lcdb2000517986,25.54,False,True,True
lcdb2000518023,27.258,False,True,True
lcdb2000518100,22.602,False,True,True
lcdb2000518109,22.015,False,True,True
lcdb2000518158,25.132,False,True,True
lcdb2000518160,20.803,False,True,True
lcdb2000518187,22.338,False,True,True
lcdb2000518203,22.142,False,True,True
lcdb2000518224,26.877,False,True,True
lcdb2000518266,30.18,True,True,False
lcdb2000518367,28.912,False,True,True
lcdb2000518375,13.611,False,True,True
lcdb2000518416,23.297,False,True,True
lcdb2000518424,23.879,False,True,True
lcdb2000518432,24.189,False,True,True
lcdb2000518465,14.293,False,False,False
lcdb2000518481,16.029,False,True,True
lcdb2000518512,16.512,False,False,False
lcdb2000518530,14.244,False,True,True
lcdb2000518588,16.854,False,False,False
lcdb2000518589,18.932,False,True,True
lcdb2000518675,18.705,False,True,True
lcdb2000518695,20.8,False,True,True
lcdb2000518722,18.356,False,True,True
lcdb2000518723,16.625,False,True,True
lcdb2000518801,14.768,False,False,False
lcdb2000519195,32.757,True,True,False
